id,note,20.0,40.0,60.0,80.0,100.0,120.0,140.0,160.0,180.0,200.0,220.0,240.0,260.0,280.0,300.0,320.0,340.0,360.0,380.0,400.0,420.0,440.0,460.0,480.0,500.0,520.0,540.0,560.0,580.0,600.0,620.0,640.0,660.0,680.0,700.0,720.0,740.0,760.0,780.0,800.0,820.0,840.0,860.0,880.0,900.0,920.0,940.0,960.0,980.0,1000.0,1020.0,1040.0,1060.0,1080.0,1100.0,1120.0,1140.0,1160.0,1180.0,1200.0,1220.0,1240.0,1260.0,1280.0,1300.0,1320.0,1340.0,1360.0,1380.0,1400.0,1420.0,1440.0,1460.0,1480.0,1500.0,1520.0,1540.0,1560.0,1580.0,1600.0,1620.0,1640.0,1660.0,1680.0,1700.0,1720.0,1740.0,1760.0,1780.0,1800.0,1820.0,1840.0,1860.0,1880.0,1900.0,1920.0,1940.0,1960.0,1980.0,2000.0,2020.0,2040.0,2060.0,2080.0,2100.0,2120.0,2140.0,2160.0,2180.0,2200.0,2220.0,2240.0,2260.0,2280.0,2300.0,2320.0,2340.0,2360.0,2380.0,2400.0,2420.0,2440.0,2460.0,2480.0,2500.0,2520.0,2540.0,2560.0,2580.0,2600.0,2620.0,2640.0,2660.0,2680.0,2700.0,2720.0,2740.0,2760.0,2780.0,2800.0,2820.0,2840.0,2860.0,2880.0,2900.0,2920.0,2940.0,2960.0,2980.0,3000.0,3020.0,3040.0,3060.0,3080.0,3100.0,3120.0,3140.0,3160.0,3180.0,3200.0
m20260420155400,,,,,,,,,,,,,,,,,,,,,,,,,,,,,,,,,,,,,,,,,,,,,,,,,,,,,,,,,,,,,,,,,,,,,,,,,,,,,,,,,,,,,,,,,,,,,,,,,,,,,,,,,,,,,,,,,,,,,,,,,,,,,,,,,,,,,,,,,,,,,,,,,,,,,,,,,,,,,,,,,
m20260420155640,,,,,,,,,,,,,,,,,,,,,,,,,,,,,,,,,,,,,,,,,,,,,,,,,,,,,,,,,,,,,,,,,,,,,,,,,,,,,,,,,,,,,,,,,,,,,,,,,,,,,,,,,,,,,,,,,,,,,,,,,,,,,,,,,,,,,,,,,,,,,,,,,,,,,,,,,,,,,,,,,
m20260420161914,MK trial 1,,,,,,,,,,,,,,,,,,,,,,,,,,,,,,,,,,,,,,,,,,,,,,,,,,,,,,,,,,,,,,,,,,,,,,,,,,,,,,,,,,,,,,,,,,,,,,,,,,,,,,,,,,,,,,,,,,,,,,,,,,,,,,,,,,,,,,,,,,,,,,,,,,,,,,,,,,,,,,,,
m20260420164748,MK trial 2 (with FFT added),,,,,,,,,,,,,,,,,,,,,,,,,,,,,,,,,,,,,,,,,,,,,,,,,,,,,,,,,,,,,,,,,,,,,,,,,,,,,,,,,,,,,,,,,,,,,,,,,,,,,,,,,,,,,,,,,,,,,,,,,,,,,,,,,,,,,,,,,,,,,,,,,,,,,,,,,,,,,,,,
m20260420165246,MK trial 3 (FFT added),,,,,,,,,,,,,,,,,,,,,,,,,,,,,,,,,,,,,,,,,,,,,,,,,,,,,,,,,,,,,,,,,,,,,,,,,,,,,,,,,,,,,,,,,,,,,,,,,,,,,,,,,,,,,,,,,,,,,,,,,,,,,,,,,,,,,,,,,,,,,,,,,,,,,,,,,,,,,,,,
m20260420171353,MK trial 4 (FFT saved to the history table),0.030413,0.027247,0.024211,0.022118,0.033016,0.041916,0.029698,0.03656,0.043749,0.051199,0.050472,0.041925,0.049133,0.039862,0.05723,0.052441,0.051586,0.06249,0.080853,0.089843,0.082566,0.077642,0.054387,0.032543,0.039839,0.034449,0.033843,0.033622,0.053864,0.044483,0.033419,0.042776,0.033126,0.028927,0.0236,0.028352,0.022902,0.029151,0.034745,0.0352,0.028559,0.028518,0.032797,0.028578,0.020056,0.023107,0.029136,0.025487,0.026621,0.031583,0.020728,0.026494,0.030842,0.035035,0.024663,0.020347,0.020346,0.016807,0.017618,0.014036,0.021601,0.021437,0.018372,0.018374,0.021087,0.025442,0.02625,0.016338,0.018697,0.013639,0.010137,0.014419,0.01351,0.00688,0.007729,0.008451,0.009694,0.010696,0.007523,0.009559,0.008906,0.008338,0.008184,0.007817,0.005871,0.006962,0.007342,0.006853,0.007554,0.005292,0.003277,0.003991,0.004015,0.005415,0.005727,0.004306,0.003419,0.004614,0.004129,0.003638,0.003598,0.003368,0.004,0.002993,0.002388,0.003152,0.00292,0.002996,0.003496,0.002929,0.002131,0.002233,0.002472,0.002296,0.002477,0.002017,0.001886,0.002211,0.001901,0.001245,0.001203,0.00114,0.001658,0.002001,0.001545,0.00152,0.001384,0.001419,0.001152,0.001104,0.001192,0.001206,0.001117,0.001013,0.001146,0.001014,0.001092,0.000877,0.000764,0.000744,0.000713,0.000576,0.000561,0.000597,0.00068,0.000655,0.000558,0.000504,0.000482,0.000431,0.0003,0.000293,0.000303,0.000174,0.000177,0.000136,9.4e-05,9e-05,5.9e-05,4.7e-05
m20260420171617,MK trial 5 (test multiple FFT saved to history),0.032847,0.02621,0.031386,0.025625,0.009671,0.009431,0.007727,0.018962,0.017791,0.01135,0.012281,0.007957,0.007411,0.01147,0.009426,0.010528,0.021059,0.013691,0.006184,0.016185,0.032798,0.023258,0.009554,0.010183,0.014071,0.018209,0.009095,0.007209,0.016397,0.021099,0.014409,0.014051,0.009042,0.006986,0.0094,0.010774,0.007052,0.005364,0.005192,0.006177,0.005375,0.006947,0.006597,0.005263,0.005939,0.009129,0.011232,0.012751,0.013314,0.022798,0.018043,0.019945,0.025301,0.027946,0.017782,0.007532,0.007049,0.007853,0.008758,0.006707,0.007004,0.007013,0.005907,0.007795,0.013675,0.020155,0.016097,0.007398,0.005854,0.00357,0.00401,0.003603,0.003417,0.002702,0.002557,0.002137,0.00209,0.002639,0.003837,0.002961,0.002837,0.003027,0.002967,0.003581,0.002723,0.002712,0.002345,0.002882,0.002478,0.001922,0.001997,0.002081,0.002147,0.003254,0.0025,0.002515,0.002571,0.002416,0.001758,0.001885,0.002254,0.002756,0.002629,0.002203,0.001951,0.001631,0.00175,0.00202,0.002132,0.0018,0.001565,0.001687,0.002113,0.001693,0.002057,0.001907,0.001456,0.001524,0.0014,0.001363,0.001042,0.000954,0.001131,0.001146,0.001098,0.000996,0.00076,0.000708,0.000962,0.0008,0.001104,0.000784,0.000667,0.000922,0.000664,0.000618,0.000752,0.000684,0.000818,0.000626,0.000487,0.000425,0.000389,0.000508,0.000507,0.00037,0.000408,0.00034,0.000306,0.00029,0.00029,0.00025,0.000239,0.000207,0.000162,0.000101,8.6e-05,4.5e-05,3.4e-05,2.2e-05
m20260420174000,MK trial 6 (more features added),0.025272,0.020839,0.023388,0.026859,0.017895,0.025331,0.026702,0.028708,0.038948,0.047458,0.052927,0.028805,0.038915,0.035308,0.034345,0.054729,0.03851,0.033435,0.033512,0.052003,0.050546,0.032771,0.020832,0.018475,0.0116,0.019627,0.029788,0.032004,0.018698,0.031288,0.029205,0.02463,0.01699,0.0144,0.014915,0.029693,0.030686,0.010433,0.018853,0.01816,0.024763,0.018497,0.026816,0.020459,0.013544,0.025139,0.027404,0.02075,0.011983,0.014581,0.012197,0.016948,0.020928,0.012618,0.015072,0.011706,0.012969,0.010212,0.014398,0.011566,0.010541,0.011435,0.011973,0.01535,0.013981,0.010316,0.008466,0.010842,0.009284,0.009965,0.008726,0.006942,0.01081,0.012423,0.010294,0.008519,0.010483,0.010184,0.009374,0.010193,0.012614,0.008448,0.009447,0.009281,0.007892,0.007692,0.007159,0.007151,0.007427,0.00689,0.005998,0.00688,0.006589,0.006657,0.006672,0.005569,0.005777,0.005004,0.006293,0.004727,0.00481,0.004271,0.003864,0.003981,0.004025,0.003596,0.003488,0.003323,0.003283,0.003364,0.003543,0.003373,0.002654,0.002637,0.002973,0.002697,0.002494,0.001946,0.002192,0.002188,0.001725,0.001535,0.001708,0.001319,0.001376,0.001362,0.0014,0.001391,0.001485,0.001235,0.001113,0.001195,0.001048,0.00113,0.000983,0.000878,0.000987,0.000848,0.000862,0.000787,0.000733,0.000727,0.000595,0.000626,0.000656,0.000444,0.000482,0.000417,0.000323,0.000362,0.000323,0.000274,0.000228,0.000193,0.000152,0.000113,9.2e-05,6.5e-05,3.5e-05,2e-05
m20260420180746,"0.25"" (1)",0.08666,0.113063,0.041536,0.013284,0.017343,0.010396,0.029558,0.095129,0.092638,0.013265,0.026393,0.01213,0.012745,0.01154,0.019527,0.055835,0.121605,0.164602,0.127156,0.060742,0.02567,0.040415,0.03044,0.019956,0.019243,0.022603,0.064744,0.104909,0.066991,0.02406,0.014066,0.017415,0.011459,0.015324,0.012895,0.015233,0.020598,0.014369,0.013283,0.010555,0.009221,0.01477,0.015688,0.020339,0.010899,0.014255,0.012906,0.012361,0.014999,0.020355,0.022866,0.010313,0.018566,0.017001,0.011555,0.015335,0.016711,0.018773,0.014757,0.020095,0.022786,0.022184,0.020082,0.03135,0.025117,0.029995,0.029179,0.031007,0.02541,0.009515,0.008511,0.006428,0.005161,0.005841,0.006606,0.006111,0.005334,0.006093,0.007086,0.009359,0.012701,0.01626,0.019416,0.018055,0.014324,0.015515,0.016055,0.015873,0.011205,0.00831,0.009571,0.008047,0.008,0.007041,0.006871,0.007133,0.00544,0.006086,0.004389,0.004065,0.003333,0.004349,0.004071,0.006406,0.010585,0.013323,0.013867,0.008382,0.006967,0.004779,0.005138,0.003249,0.003568,0.003276,0.002553,0.002894,0.002052,0.002297,0.002054,0.002104,0.002208,0.001939,0.001992,0.001914,0.002049,0.001822,0.001498,0.001788,0.00133,0.001448,0.001547,0.001532,0.002031,0.001645,0.001899,0.002115,0.00169,0.00173,0.001394,0.001532,0.001343,0.001392,0.001422,0.001388,0.001477,0.001247,0.001151,0.001053,0.000666,0.000634,0.000506,0.000399,0.000404,0.000363,0.000309,0.000276,0.00024,0.000177,0.000149,0.000141
m20260420180937,"0.25"" (2)",0.070817,0.073463,0.017964,0.025596,0.00853,0.056028,0.091823,0.038053,0.00913,0.010644,0.00646,0.007984,0.009174,0.011527,0.012932,0.032125,0.096346,0.187998,0.161187,0.042715,0.014893,0.014817,0.012511,0.00932,0.009517,0.050068,0.12855,0.114276,0.033978,0.014655,0.007967,0.006317,0.006728,0.008999,0.009057,0.009109,0.009019,0.006367,0.010044,0.008389,0.005675,0.005933,0.013898,0.010926,0.006775,0.007471,0.005867,0.006302,0.007529,0.021027,0.019863,0.008381,0.013597,0.009549,0.004765,0.003991,0.00419,0.005489,0.007084,0.010147,0.016939,0.01494,0.007465,0.012049,0.016107,0.018001,0.021339,0.028508,0.024679,0.007736,0.007953,0.006029,0.004724,0.005538,0.004849,0.00475,0.004619,0.004425,0.005648,0.005467,0.007983,0.00779,0.01065,0.01317,0.010735,0.011275,0.008861,0.010552,0.0072,0.004302,0.004007,0.003414,0.00351,0.003429,0.004611,0.004173,0.004146,0.00295,0.001838,0.001576,0.001959,0.002431,0.002218,0.004671,0.010798,0.011664,0.010006,0.006542,0.00465,0.004857,0.002745,0.002426,0.002459,0.002152,0.002467,0.001588,0.001992,0.001549,0.001519,0.001408,0.001731,0.001225,0.001687,0.001446,0.001117,0.001427,0.001261,0.001098,0.001226,0.001105,0.001113,0.001161,0.000968,0.001252,0.001154,0.001533,0.001178,0.00108,0.000908,0.000822,0.000965,0.001318,0.001155,0.000947,0.000918,0.000757,0.000774,0.000592,0.000569,0.000316,0.00031,0.000262,0.000232,0.000219,0.000152,0.00014,0.000119,6.6e-05,6.3e-05,2.6e-05
m20260420181648,"0.25"" (3)",0.07818,0.077658,0.017439,0.025839,0.009288,0.055169,0.094998,0.040814,0.007784,0.010073,0.008184,0.007533,0.008589,0.011932,0.009623,0.036208,0.095456,0.192092,0.156835,0.040814,0.013776,0.013291,0.009415,0.008218,0.008575,0.05055,0.137089,0.124811,0.038805,0.010031,0.005204,0.004887,0.00519,0.006769,0.006542,0.008828,0.010349,0.006771,0.009544,0.00648,0.005619,0.006446,0.012131,0.010117,0.004566,0.004422,0.004731,0.003652,0.007938,0.024921,0.022203,0.007173,0.014548,0.008844,0.003213,0.003803,0.00358,0.005417,0.00556,0.011374,0.017965,0.014574,0.005895,0.01347,0.016755,0.019696,0.024644,0.030284,0.02714,0.007304,0.006396,0.005974,0.005277,0.005335,0.005714,0.005002,0.004552,0.005288,0.004833,0.006832,0.007468,0.007256,0.009927,0.012552,0.012769,0.010525,0.01076,0.008253,0.007818,0.005264,0.003307,0.002296,0.002184,0.004,0.004007,0.004789,0.004427,0.001925,0.001035,0.001554,0.001649,0.002,0.001466,0.004802,0.009397,0.010871,0.00903,0.005474,0.004194,0.003723,0.002221,0.001937,0.001722,0.002305,0.001765,0.001406,0.001272,0.001248,0.00103,0.001205,0.001143,0.001418,0.001376,0.001006,0.001079,0.001144,0.00097,0.000801,0.000937,0.000742,0.000851,0.000747,0.00063,0.000844,0.001063,0.000849,0.000806,0.000734,0.000704,0.000657,0.000841,0.000882,0.000953,0.000567,0.000537,0.000649,0.000641,0.000617,0.00049,0.000333,0.000304,0.000197,0.000204,0.00023,0.000137,0.000139,9.4e-05,7e-05,5.4e-05,4.3e-05
m20260420182019,"1.00"" (1)",0.059141,0.039124,0.013837,0.00564,0.009934,0.056745,0.073448,0.025284,0.006336,0.005513,0.007327,0.005558,0.006972,0.007727,0.009498,0.007897,0.018283,0.021142,0.016681,0.018456,0.061765,0.075859,0.045811,0.014052,0.008304,0.004285,0.0077,0.00923,0.010382,0.005458,0.00969,0.017407,0.013061,0.007805,0.005887,0.004922,0.005248,0.005003,0.004419,0.005379,0.004081,0.003044,0.005563,0.00636,0.005915,0.005042,0.006599,0.006874,0.009686,0.008163,0.007944,0.006017,0.004043,0.005787,0.005582,0.006112,0.005466,0.006611,0.004316,0.00763,0.006485,0.005159,0.004732,0.006436,0.005097,0.006605,0.008725,0.009998,0.011259,0.009654,0.022131,0.045651,0.040931,0.014935,0.00393,0.003102,0.004356,0.006569,0.006808,0.005129,0.003973,0.003193,0.002301,0.00271,0.002555,0.002806,0.00259,0.002821,0.002544,0.001901,0.00278,0.004331,0.003855,0.002738,0.003191,0.003333,0.003007,0.002946,0.002646,0.002782,0.003674,0.003643,0.003534,0.003061,0.002863,0.004514,0.00369,0.002871,0.002573,0.001871,0.001578,0.001481,0.002632,0.003011,0.002207,0.002019,0.002295,0.001891,0.002006,0.002419,0.002205,0.002178,0.002097,0.001338,0.001032,0.001004,0.000963,0.000966,0.000763,0.000901,0.000899,0.00076,0.000746,0.000767,0.00102,0.000895,0.000835,0.000727,0.000673,0.000592,0.00051,0.000506,0.000546,0.000502,0.000538,0.000472,0.000635,0.000506,0.000574,0.000558,0.000616,0.00043,0.000236,0.000122,0.000125,0.000112,9.7e-05,6.7e-05,3.1e-05,2.4e-05
m20260420182255,"1.00"" (2)",0.058782,0.037011,0.012239,0.004842,0.009145,0.051155,0.06391,0.022655,0.005648,0.005916,0.005507,0.006513,0.007371,0.007722,0.01038,0.009019,0.017854,0.025252,0.018756,0.014975,0.053989,0.075057,0.049234,0.017083,0.006726,0.006887,0.007898,0.011035,0.01227,0.006277,0.011583,0.016443,0.015407,0.008876,0.004568,0.004179,0.004724,0.003909,0.004584,0.00519,0.00531,0.003456,0.006137,0.007046,0.00517,0.004478,0.005691,0.006047,0.005194,0.009573,0.008453,0.005667,0.006641,0.003808,0.005107,0.005543,0.004313,0.005108,0.004507,0.00857,0.006938,0.005056,0.003741,0.004267,0.003705,0.005396,0.006617,0.007836,0.008276,0.006084,0.023498,0.052106,0.050031,0.018321,0.003953,0.004172,0.002694,0.004257,0.007353,0.005365,0.003246,0.003107,0.001667,0.001984,0.002055,0.001562,0.002752,0.002589,0.002754,0.002379,0.00152,0.003005,0.003604,0.002132,0.002802,0.002428,0.00297,0.002774,0.002345,0.002507,0.003269,0.00323,0.003151,0.002596,0.001979,0.00297,0.002452,0.002138,0.002151,0.001913,0.001518,0.001574,0.002146,0.002686,0.002171,0.00269,0.002063,0.001859,0.0022,0.00259,0.002396,0.001454,0.00148,0.0012,0.000793,0.001181,0.000864,0.000942,0.000903,0.000695,0.000911,0.000716,0.000877,0.001045,0.000968,0.000879,0.000616,0.000533,0.000573,0.000599,0.000551,0.00066,0.000382,0.000633,0.000616,0.000539,0.000339,0.000591,0.000548,0.000566,0.000545,0.000349,0.000306,0.000151,0.000139,0.000109,8.1e-05,5.7e-05,5e-05,4.3e-05
m20260420182427,"1.00"" (3)",0.072095,0.041583,0.016517,0.006255,0.009861,0.048537,0.062613,0.024525,0.006559,0.007132,0.007389,0.006277,0.008061,0.006445,0.012613,0.01167,0.017082,0.023393,0.015445,0.020551,0.053757,0.077973,0.050778,0.021155,0.009062,0.008176,0.010353,0.013264,0.015587,0.007449,0.011666,0.014049,0.019752,0.010806,0.00718,0.007279,0.006921,0.006838,0.005285,0.006103,0.005568,0.004672,0.006063,0.008334,0.007083,0.006882,0.006043,0.006835,0.006497,0.009463,0.008206,0.006876,0.007258,0.007151,0.005018,0.005338,0.006336,0.006788,0.005726,0.00929,0.009052,0.00681,0.005408,0.006675,0.006674,0.008498,0.011218,0.009645,0.010593,0.012748,0.027984,0.068468,0.062337,0.026289,0.005845,0.005834,0.003775,0.003116,0.006821,0.00591,0.004559,0.003688,0.002746,0.003303,0.002982,0.003461,0.00277,0.00334,0.0029,0.002505,0.00403,0.004983,0.00321,0.003254,0.002779,0.003151,0.003416,0.003531,0.002965,0.002827,0.003459,0.003895,0.003223,0.00269,0.00254,0.003247,0.002775,0.002564,0.002143,0.002016,0.002093,0.002451,0.003531,0.003608,0.003134,0.003057,0.002904,0.002854,0.002906,0.002509,0.002671,0.002037,0.002477,0.002055,0.001813,0.001599,0.001464,0.001244,0.001186,0.001333,0.001213,0.001105,0.001116,0.001079,0.001527,0.001266,0.00097,0.000907,0.000969,0.000919,0.000859,0.000877,0.000796,0.000823,0.000675,0.000671,0.000598,0.000672,0.000727,0.000717,0.000684,0.000512,0.000362,0.000234,0.000216,0.000158,0.000143,8.9e-05,7.3e-05,5.2e-05
m20260420182750,"1.00"" (4 -- screw driver impulse)",0.008973,0.00489,0.007489,0.008129,0.008381,0.010278,0.011887,0.008512,0.005874,0.004292,0.005851,0.005634,0.004513,0.006193,0.004348,0.006904,0.005549,0.01186,0.02024,0.019938,0.009903,0.017073,0.016237,0.010123,0.005909,0.004972,0.002401,0.004261,0.004698,0.004671,0.004279,0.006692,0.00494,0.006759,0.005508,0.004698,0.002609,0.003273,0.003681,0.003887,0.006169,0.004299,0.006767,0.007339,0.005752,0.004551,0.004271,0.005058,0.005607,0.002993,0.002733,0.004147,0.004349,0.004092,0.004435,0.002498,0.002772,0.003435,0.004031,0.005186,0.003126,0.002038,0.003114,0.003057,0.004088,0.003732,0.003817,0.001282,0.003646,0.002449,0.004242,0.004263,0.008538,0.00664,0.002832,0.003085,0.003103,0.003214,0.003498,0.003547,0.003392,0.002632,0.001393,0.001767,0.002131,0.002353,0.001341,0.003196,0.002783,0.002572,0.00273,0.002675,0.003192,0.002037,0.001573,0.002326,0.001979,0.001016,0.001595,0.00245,0.002029,0.001129,0.001759,0.0019,0.000899,0.001903,0.002027,0.000998,0.000974,0.000951,0.000574,0.001304,0.00112,0.000993,0.000889,0.001304,0.000906,0.000988,0.000984,0.001078,0.001144,0.000667,0.000508,0.000864,0.000882,0.001271,0.001164,0.00049,0.000579,0.000726,0.000721,0.000506,0.000471,0.000665,0.000566,0.00053,0.000632,0.000602,0.000795,0.000541,0.000422,0.000512,0.000551,0.000551,0.000379,0.000361,0.000211,0.000347,0.000348,0.000328,0.000379,0.000327,0.000387,0.000284,0.000179,0.000245,0.000193,0.000169,0.000196,0.000184
m20260420183009,"1.00"" (5 -- knuckle impulse)",0.063704,0.039393,0.010313,0.007049,0.010021,0.04942,0.058987,0.017178,0.006701,0.006412,0.005366,0.007141,0.007079,0.007325,0.006233,0.008287,0.024399,0.031506,0.026202,0.011402,0.033466,0.041114,0.029611,0.015661,0.005704,0.005769,0.005483,0.00528,0.006668,0.009057,0.008177,0.005581,0.005165,0.006472,0.005692,0.005174,0.003389,0.003187,0.003495,0.004173,0.004458,0.003949,0.004693,0.005272,0.003988,0.004184,0.00414,0.004151,0.004425,0.004336,0.003558,0.004277,0.003552,0.003322,0.003891,0.003905,0.003085,0.003283,0.003286,0.003358,0.003198,0.002657,0.003094,0.003745,0.003449,0.003442,0.002307,0.002851,0.002391,0.005031,0.008408,0.009902,0.008204,0.004504,0.002049,0.00224,0.00235,0.001956,0.001956,0.001517,0.002023,0.001685,0.001796,0.001679,0.0014,0.001608,0.001598,0.001344,0.001281,0.001978,0.00169,0.001158,0.001215,0.0014,0.001552,0.001437,0.001512,0.00117,0.001223,0.001453,0.001635,0.001446,0.001287,0.001214,0.001201,0.001045,0.000991,0.00116,0.001017,0.001175,0.001246,0.000986,0.001074,0.000912,0.000954,0.001019,0.001025,0.000915,0.000831,0.000924,0.000932,0.000695,0.000753,0.000803,0.000799,0.000933,0.00085,0.000657,0.00042,0.000415,0.000612,0.0006,0.000438,0.000469,0.000605,0.000535,0.000427,0.00051,0.000356,0.000351,0.00044,0.000393,0.000319,0.000279,0.000327,0.000231,0.000202,0.000209,0.000275,0.000273,0.000202,0.00017,0.000137,0.000114,0.0001,0.000109,8e-05,6.2e-05,4.4e-05,3.3e-05
m20260420205045,,0.090442,0.029705,0.051467,0.066539,0.059407,0.041091,0.02854,0.019822,0.018132,0.03761,0.049153,0.045145,0.043067,0.041199,0.057274,0.090444,0.109497,0.116696,0.134907,0.134278,0.109006,0.087511,0.065269,0.032782,0.055281,0.069236,0.064357,0.040636,0.036658,0.055051,0.060282,0.062693,0.060969,0.049283,0.041289,0.039188,0.040998,0.038068,0.02948,0.023604,0.030783,0.05244,0.07478,0.09551,0.108722,0.122978,0.140433,0.148368,0.136921,0.10852,0.072038,0.068568,0.102413,0.12144,0.110063,0.084193,0.049758,0.057064,0.076641,0.088945,0.084895,0.080768,0.078303,0.075941,0.073507,0.070576,0.073764,0.071642,0.053731,0.030844,0.033011,0.048879,0.064514,0.070241,0.066041,0.057336,0.047453,0.044898,0.043334,0.037498,0.027708,0.021017,0.027166,0.034514,0.040428,0.045671,0.04888,0.047111,0.045215,0.039569,0.027705,0.014097,0.019413,0.026945,0.023135,0.023743,0.036605,0.046384,0.047637,0.040964,0.028224,0.025471,0.023658,0.019243,0.029217,0.044201,0.060628,0.073577,0.078218,0.074858,0.064709,0.056086,0.056493,0.062646,0.068348,0.067682,0.056595,0.036218,0.013275,0.02975,0.047595,0.059693,0.068442,0.074194,0.073674,0.063023,0.046395,0.04155,0.050599,0.051969,0.039562,0.021967,0.014244,0.015857,0.027732,0.04687,0.059325,0.057037,0.041316,0.026052,0.030593,0.041248,0.044866,0.039102,0.027416,0.02343,0.030861,0.03759,0.042632,0.049082,0.053133,0.050351,0.04148,0.034245,0.037801,0.046869,0.050871,0.044901,0.030031,0.018258
m20260420205415,"0.50"" [1 -- no tape, first time with motor running]",0.13336,0.042496,0.045085,0.037209,0.020532,0.01702,0.081793,0.08009,0.02122,0.021457,0.013768,0.014191,0.019254,0.017591,0.01941,0.037264,0.040182,0.059871,0.05824,0.048591,0.050391,0.056596,0.04938,0.031014,0.022989,0.024195,0.035238,0.042109,0.03147,0.039324,0.043024,0.036603,0.037004,0.038151,0.038522,0.035584,0.028292,0.017794,0.01849,0.026123,0.026734,0.030202,0.029995,0.025199,0.02659,0.032083,0.031732,0.026812,0.021774,0.020265,0.020744,0.021897,0.015157,0.023897,0.029069,0.028425,0.048497,0.051283,0.049449,0.066882,0.087984,0.0926,0.087213,0.080308,0.075865,0.073422,0.072051,0.07903,0.083915,0.079511,0.081042,0.087164,0.082645,0.065247,0.04499,0.0363,0.03224,0.032215,0.035031,0.032457,0.022375,0.024156,0.034183,0.026582,0.016423,0.01529,0.016815,0.013903,0.012709,0.010578,0.006271,0.006783,0.012852,0.017129,0.022658,0.026059,0.026019,0.025041,0.030387,0.040032,0.040497,0.035609,0.03698,0.035987,0.030223,0.026561,0.025567,0.02115,0.016724,0.014533,0.014892,0.015036,0.014099,0.013155,0.013328,0.013428,0.012997,0.011676,0.011883,0.012383,0.01163,0.010686,0.008468,0.006912,0.007123,0.007885,0.009015,0.009298,0.009037,0.00896,0.009334,0.008951,0.009853,0.01112,0.011396,0.010419,0.009386,0.00749,0.006032,0.004864,0.004782,0.004151,0.005487,0.007199,0.007414,0.006086,0.005074,0.004895,0.004303,0.002725,0.001868,0.001932,0.001728,0.001198,0.000965,0.000915,0.000713,0.000451,0.000218,0.000173
m20260420210005,"0.50"" [2 -- no tape, motor running]",0.089627,0.04404,0.026664,0.036243,0.02938,0.055972,0.082185,0.054589,0.01861,0.01866,0.034842,0.037021,0.024735,0.020974,0.030095,0.057571,0.083865,0.078212,0.040303,0.052547,0.046748,0.036662,0.040439,0.034235,0.027352,0.039192,0.050126,0.046753,0.04081,0.039121,0.037407,0.031519,0.035391,0.047214,0.047828,0.032781,0.021058,0.020385,0.031402,0.03045,0.027603,0.027747,0.026864,0.031095,0.035212,0.032002,0.027586,0.021101,0.017044,0.017187,0.015341,0.01639,0.021812,0.030849,0.038522,0.043343,0.043979,0.038917,0.058144,0.085848,0.092913,0.081693,0.070094,0.066544,0.070825,0.066688,0.058856,0.066765,0.092244,0.11364,0.110006,0.075786,0.055021,0.051594,0.040713,0.031117,0.033058,0.028969,0.026299,0.027112,0.027472,0.023378,0.018478,0.015513,0.005048,0.009752,0.015343,0.012632,0.010029,0.010154,0.011233,0.013024,0.014092,0.01722,0.018625,0.022565,0.025128,0.033188,0.037188,0.037333,0.04503,0.048801,0.041693,0.037395,0.037505,0.03374,0.024413,0.018375,0.016818,0.01721,0.016953,0.015503,0.014182,0.013206,0.012226,0.011811,0.010778,0.009482,0.010741,0.011091,0.009785,0.009009,0.009288,0.009225,0.00851,0.00836,0.008637,0.009119,0.009335,0.008583,0.007523,0.007131,0.006447,0.005735,0.006455,0.006452,0.005885,0.005386,0.005132,0.004894,0.005634,0.006756,0.006943,0.005994,0.005181,0.004992,0.004012,0.003027,0.002744,0.002398,0.002413,0.002119,0.001837,0.001511,0.001058,0.000661,0.000549,0.000392,0.000298,0.000156
m20260420210448,"0.50"" [3 -- no tape, motor running]",0.12623,0.046266,0.019601,0.025443,0.017783,0.044244,0.117263,0.089092,0.025346,0.024104,0.027211,0.017575,0.009312,0.014706,0.022481,0.060448,0.091685,0.094727,0.068357,0.040184,0.046231,0.05243,0.046518,0.025734,0.024354,0.03139,0.041093,0.041583,0.038158,0.028844,0.024262,0.022906,0.02713,0.03405,0.028023,0.021789,0.017665,0.027033,0.028058,0.028557,0.02714,0.025688,0.030315,0.029288,0.032068,0.030009,0.026308,0.020295,0.019655,0.021279,0.026546,0.031563,0.036836,0.029512,0.024422,0.026683,0.03652,0.052786,0.061848,0.060275,0.064799,0.077309,0.081788,0.076971,0.06352,0.051994,0.044439,0.047256,0.053694,0.055067,0.057364,0.05524,0.051206,0.042952,0.028739,0.022611,0.023537,0.019814,0.016419,0.016981,0.013059,0.013994,0.0166,0.017881,0.013889,0.009545,0.010093,0.010653,0.007441,0.008314,0.010138,0.011522,0.011601,0.013938,0.020578,0.021259,0.018247,0.018852,0.021395,0.025439,0.026866,0.025283,0.023198,0.022676,0.02246,0.020708,0.018398,0.016878,0.014219,0.014267,0.012358,0.011999,0.012264,0.01293,0.012278,0.010958,0.008825,0.008731,0.010445,0.011518,0.010369,0.009472,0.00973,0.010381,0.009202,0.009285,0.009212,0.009757,0.010391,0.010665,0.010839,0.010347,0.010066,0.009841,0.009037,0.008233,0.007806,0.006895,0.005753,0.00479,0.005212,0.006051,0.006494,0.005896,0.005504,0.00582,0.004747,0.003652,0.002945,0.00217,0.001762,0.001933,0.001883,0.00166,0.001269,0.000808,0.000498,0.000306,0.000187,0.000104
m20260420212135,"0.50"" [4 -- no tape, motor running, time series added]",0.054314,0.03755,0.027156,0.028472,0.025541,0.053332,0.082845,0.067104,0.026959,0.018125,0.010454,0.025691,0.057611,0.058497,0.026945,0.036086,0.074677,0.085758,0.043184,0.020574,0.019911,0.048847,0.03802,0.039087,0.031841,0.039414,0.06408,0.045542,0.029477,0.030724,0.043307,0.041345,0.053212,0.066643,0.081199,0.06475,0.030611,0.0283,0.030593,0.0237,0.017803,0.020295,0.028962,0.032021,0.030507,0.028487,0.031053,0.030964,0.021065,0.015847,0.011241,0.014899,0.021925,0.023985,0.024963,0.027408,0.019142,0.03489,0.057538,0.07129,0.063602,0.05236,0.052229,0.050175,0.049702,0.054018,0.055779,0.059414,0.063448,0.065652,0.067529,0.065996,0.068389,0.071293,0.071248,0.062808,0.044585,0.025042,0.02443,0.024519,0.020091,0.015692,0.016394,0.023046,0.020288,0.013058,0.010185,0.00982,0.008101,0.00806,0.010234,0.013739,0.016568,0.02013,0.021063,0.018808,0.027994,0.039523,0.037235,0.01967,0.019807,0.021679,0.021249,0.022962,0.023342,0.018212,0.012464,0.012727,0.013584,0.015135,0.014345,0.017977,0.017694,0.011607,0.011576,0.011421,0.01193,0.012985,0.01385,0.012309,0.011288,0.010788,0.0102,0.009602,0.010556,0.010338,0.007805,0.007243,0.009432,0.009035,0.007448,0.006801,0.006688,0.007264,0.008668,0.009672,0.009735,0.009145,0.008817,0.009332,0.008602,0.007137,0.005956,0.004709,0.003608,0.00374,0.004831,0.004393,0.003854,0.00369,0.003538,0.003774,0.00317,0.001726,0.00119,0.000764,0.000386,0.000273,0.000242,0.000162
m20260420214003,"0.50"" [5 -- no tape, motor running, time series added]",0.100851,0.045236,0.028845,0.021349,0.028908,0.020464,0.070647,0.081508,0.01545,0.007442,0.011376,0.021869,0.020122,0.026832,0.02751,0.027175,0.031697,0.065068,0.083616,0.044385,0.01864,0.034688,0.042735,0.020937,0.018798,0.024413,0.02676,0.023402,0.022802,0.020819,0.023792,0.019958,0.026291,0.029807,0.032781,0.046512,0.053957,0.04088,0.030364,0.015171,0.010337,0.014934,0.017386,0.020011,0.025872,0.028106,0.030931,0.022194,0.021075,0.021938,0.015971,0.016977,0.012561,0.00919,0.008282,0.021043,0.035062,0.033701,0.033098,0.040738,0.045553,0.050952,0.041352,0.034146,0.033032,0.032377,0.034052,0.040207,0.046719,0.046525,0.035981,0.034888,0.049138,0.050805,0.031756,0.019355,0.012151,0.01491,0.011706,0.007531,0.007214,0.007671,0.007578,0.006777,0.0074,0.005883,0.004385,0.004166,0.004029,0.006823,0.007238,0.00881,0.007598,0.006513,0.008559,0.011439,0.011788,0.01174,0.011746,0.009717,0.010126,0.009746,0.010491,0.008675,0.006546,0.006201,0.007463,0.007236,0.005843,0.005162,0.004207,0.004117,0.00471,0.005309,0.005439,0.005743,0.00642,0.006121,0.004787,0.004337,0.005606,0.005063,0.004379,0.003134,0.003593,0.002797,0.002096,0.002658,0.003112,0.00354,0.004942,0.003604,0.003116,0.003283,0.004582,0.004195,0.003104,0.002461,0.002932,0.002601,0.00223,0.002318,0.002632,0.003305,0.003549,0.003625,0.002561,0.001351,0.001391,0.0011,0.001297,0.001385,0.00105,0.000994,0.000802,0.000956,0.000931,0.000842,0.000782,0.000844
m20260420214156,"0.50"" [6 -- no tape, motor running, time series added]",0.055254,0.03951,0.018826,0.013535,0.00656,0.016796,0.053114,0.082583,0.030975,0.026488,0.032706,0.049648,0.042184,0.022153,0.016767,0.028065,0.059879,0.08892,0.077919,0.054255,0.036626,0.028577,0.035142,0.026746,0.022705,0.03271,0.043717,0.042255,0.028871,0.020768,0.017721,0.018218,0.015037,0.010276,0.01357,0.03184,0.033314,0.029683,0.019735,0.016459,0.015981,0.016798,0.014761,0.014059,0.012172,0.011155,0.012887,0.009562,0.007617,0.007653,0.008809,0.011322,0.013087,0.014094,0.013646,0.006825,0.01299,0.021389,0.020629,0.024426,0.031707,0.033682,0.032456,0.024642,0.022193,0.015998,0.018032,0.027997,0.037944,0.025036,0.023869,0.030468,0.025908,0.028621,0.022884,0.008655,0.008248,0.01374,0.008263,0.005621,0.008713,0.010742,0.008194,0.009697,0.00411,0.009419,0.008994,0.004692,0.003803,0.003065,0.004764,0.003563,0.00404,0.00572,0.004598,0.007234,0.010287,0.008352,0.010544,0.018625,0.015084,0.012767,0.01586,0.012958,0.008852,0.009207,0.008913,0.007087,0.006524,0.006431,0.005888,0.005146,0.005007,0.004199,0.004766,0.005112,0.00578,0.005338,0.004277,0.004238,0.005652,0.006437,0.006229,0.005825,0.006186,0.005709,0.00546,0.005325,0.004311,0.003729,0.003254,0.003225,0.002636,0.002238,0.001894,0.002484,0.003109,0.002603,0.002161,0.002197,0.00226,0.002553,0.002072,0.001578,0.001328,0.001121,0.000898,0.000918,0.001157,0.00088,0.000646,0.00047,0.00025,0.000327,0.000299,0.000248,0.000173,0.000106,7.1e-05,6.4e-05
m20260420214820,"0.50"" [7 -- no tape, motor running, 10 peaks]",0.054254,0.019374,0.011756,0.020698,0.012488,0.015724,0.058333,0.077866,0.035453,0.019087,0.032302,0.034317,0.021344,0.018278,0.018523,0.023039,0.053673,0.07501,0.055492,0.030302,0.02509,0.042215,0.038986,0.020347,0.033686,0.045454,0.045313,0.030815,0.024395,0.026269,0.037188,0.039673,0.024943,0.015069,0.020015,0.034647,0.041102,0.040884,0.023979,0.018373,0.015559,0.016468,0.014222,0.015027,0.013266,0.012982,0.017836,0.011168,0.010038,0.009111,0.006781,0.011599,0.012559,0.015334,0.011337,0.01172,0.01838,0.022139,0.020575,0.021896,0.023019,0.021122,0.017276,0.019463,0.019895,0.019036,0.016358,0.024664,0.029314,0.026453,0.023946,0.023399,0.030296,0.034007,0.028526,0.019059,0.011553,0.013024,0.010056,0.009654,0.009326,0.008993,0.012298,0.010386,0.008049,0.007582,0.004839,0.004168,0.004721,0.006101,0.005927,0.004435,0.004953,0.005983,0.005355,0.007322,0.007734,0.010315,0.011536,0.011784,0.011327,0.00994,0.009421,0.007666,0.00805,0.008058,0.006115,0.005404,0.005026,0.005141,0.005803,0.004989,0.004056,0.003681,0.003758,0.004724,0.004346,0.005063,0.006193,0.00541,0.004992,0.004766,0.004744,0.005026,0.005216,0.004969,0.004907,0.005126,0.00445,0.003205,0.003051,0.002875,0.002554,0.002545,0.003029,0.002772,0.002463,0.002872,0.00272,0.00273,0.002894,0.002779,0.002794,0.002231,0.002385,0.001653,0.001271,0.001274,0.001029,0.001026,0.000897,0.000636,0.000622,0.00061,0.00046,0.000407,0.000332,0.000199,0.00014,6.8e-05
m20260420214938,"0.50"" [8 -- no tape, motor running, 10 peaks]",0.080176,0.019965,0.02996,0.020557,0.021693,0.010785,0.03238,0.066197,0.036363,0.012468,0.025629,0.034034,0.028984,0.025422,0.016422,0.029187,0.048762,0.075181,0.108495,0.078755,0.038368,0.042123,0.047075,0.019736,0.029348,0.031729,0.035567,0.033028,0.026713,0.020728,0.025149,0.033875,0.031295,0.021329,0.025854,0.034894,0.037329,0.034907,0.017474,0.020342,0.018524,0.01539,0.014555,0.014564,0.016151,0.016594,0.015526,0.011591,0.01097,0.009887,0.008877,0.014792,0.017959,0.016588,0.008993,0.011551,0.0195,0.022149,0.020206,0.020312,0.022383,0.019729,0.02215,0.022117,0.017549,0.019455,0.023174,0.020277,0.018459,0.032105,0.027911,0.024627,0.038371,0.047548,0.036055,0.017449,0.013202,0.014317,0.011899,0.008026,0.009028,0.008109,0.012485,0.009337,0.005812,0.006388,0.00407,0.003575,0.004092,0.003272,0.005149,0.002807,0.005462,0.005075,0.006169,0.00862,0.00632,0.00933,0.0131,0.010704,0.011498,0.010796,0.00813,0.006535,0.006828,0.006647,0.005366,0.005049,0.004803,0.004089,0.004027,0.003861,0.003694,0.003177,0.002966,0.003298,0.003749,0.003798,0.004273,0.004305,0.003473,0.003035,0.003422,0.003729,0.004524,0.004291,0.00478,0.005048,0.004426,0.003711,0.003103,0.00237,0.002368,0.001707,0.001838,0.002441,0.002083,0.002524,0.002827,0.002442,0.002337,0.002435,0.002167,0.001852,0.001969,0.001696,0.001523,0.001251,0.00093,0.000669,0.000669,0.000568,0.000461,0.000443,0.000312,0.000299,0.000247,0.000163,0.000101,5.9e-05
m20260420221456,"1.00"" [1 -- no tape, motor running, 10 peaks]",0.090844,0.029351,0.035585,0.025756,0.064104,0.08399,0.055605,0.053651,0.063826,0.057372,0.103375,0.158103,0.172239,0.090283,0.098613,0.126513,0.100384,0.094439,0.094411,0.05378,0.033307,0.036012,0.045812,0.055214,0.042715,0.038306,0.050524,0.054259,0.056023,0.076575,0.086259,0.076545,0.078319,0.077843,0.069116,0.061606,0.059051,0.054999,0.045238,0.041179,0.035735,0.034957,0.035305,0.035834,0.03634,0.03859,0.037524,0.038748,0.033583,0.037166,0.031789,0.025556,0.030743,0.031015,0.020722,0.022071,0.026609,0.028568,0.031586,0.027817,0.032092,0.041597,0.046093,0.044435,0.032984,0.032449,0.030339,0.032006,0.035356,0.03638,0.036094,0.032917,0.028918,0.027603,0.027822,0.029913,0.035713,0.034369,0.02694,0.024871,0.032423,0.031193,0.027644,0.0221,0.018865,0.017865,0.015591,0.012096,0.012358,0.013804,0.018055,0.019214,0.018566,0.019333,0.018676,0.02476,0.029946,0.028337,0.031623,0.032551,0.028114,0.021301,0.019906,0.019236,0.018726,0.02111,0.018375,0.015882,0.015355,0.014412,0.01258,0.01643,0.017761,0.012245,0.012093,0.014898,0.015296,0.015054,0.012831,0.013258,0.013316,0.012026,0.010505,0.010075,0.010413,0.009483,0.008587,0.007838,0.006937,0.005724,0.005535,0.005668,0.006134,0.006884,0.006471,0.006222,0.006499,0.006217,0.005712,0.00604,0.006921,0.00651,0.005465,0.004758,0.004918,0.004609,0.004206,0.004135,0.003388,0.002708,0.002389,0.002063,0.001679,0.001322,0.001101,0.001014,0.000868,0.000685,0.000395,0.0002
m20260420221608,,0.16419,0.029454,0.086569,0.039227,0.047527,0.054545,0.051579,0.053583,0.058677,0.059327,0.082037,0.11273,0.125141,0.092981,0.083378,0.061425,0.047489,0.052446,0.082528,0.101616,0.074374,0.045165,0.039672,0.040217,0.033754,0.03796,0.03709,0.038912,0.037904,0.035303,0.044104,0.063668,0.071931,0.07328,0.06687,0.047703,0.045119,0.046483,0.038686,0.036224,0.036177,0.039044,0.039936,0.041267,0.039285,0.033625,0.032049,0.039451,0.050927,0.044369,0.040898,0.043578,0.041114,0.040773,0.038888,0.047203,0.055242,0.05318,0.049727,0.048225,0.055929,0.055677,0.061421,0.045271,0.029169,0.032033,0.03928,0.04784,0.047635,0.057234,0.050174,0.044696,0.034302,0.033184,0.036621,0.033271,0.035319,0.042052,0.04089,0.039788,0.045155,0.045014,0.03293,0.023036,0.01934,0.016381,0.016334,0.018469,0.023006,0.024366,0.025524,0.024338,0.021917,0.022136,0.022905,0.02221,0.020148,0.017138,0.01508,0.015256,0.018308,0.019943,0.01666,0.014109,0.013417,0.012343,0.012982,0.022243,0.03297,0.03965,0.042857,0.041853,0.040385,0.039756,0.037065,0.033242,0.03018,0.026541,0.024073,0.022756,0.021347,0.019353,0.016813,0.015076,0.01355,0.012511,0.012025,0.01108,0.011082,0.011079,0.010599,0.010834,0.011544,0.011279,0.010217,0.009161,0.008804,0.008655,0.008155,0.007523,0.007153,0.007029,0.007007,0.00669,0.007206,0.007902,0.008564,0.007511,0.005459,0.004539,0.004077,0.003233,0.002555,0.002254,0.001942,0.001472,0.001124,0.000849,0.000506,0.000159
m20260420221701,,0.172422,0.046948,0.091496,0.036033,0.028672,0.029049,0.037518,0.047723,0.049307,0.065596,0.088635,0.088466,0.09213,0.126035,0.109954,0.051166,0.045936,0.075858,0.077501,0.056098,0.066542,0.053408,0.043647,0.052223,0.049982,0.042829,0.042284,0.041898,0.031531,0.038844,0.053453,0.065363,0.073742,0.072145,0.079563,0.066094,0.037107,0.044304,0.040841,0.0389,0.038735,0.037365,0.042648,0.048231,0.050859,0.045383,0.040683,0.049568,0.060827,0.059367,0.05405,0.040963,0.038714,0.043759,0.044895,0.045488,0.04767,0.048087,0.045153,0.050232,0.075293,0.066119,0.044999,0.045301,0.035638,0.03777,0.037903,0.043978,0.055074,0.065512,0.057434,0.045252,0.038966,0.035302,0.033623,0.033927,0.034816,0.036514,0.034768,0.033335,0.03295,0.033714,0.033931,0.032852,0.029247,0.026914,0.02349,0.023373,0.029027,0.033309,0.032371,0.032061,0.032512,0.030924,0.029283,0.025319,0.022939,0.021514,0.019888,0.021174,0.024955,0.022978,0.016916,0.01292,0.011126,0.011223,0.013864,0.017223,0.026347,0.039198,0.043162,0.039493,0.038785,0.038848,0.035025,0.030199,0.026044,0.021923,0.019357,0.019758,0.020044,0.018313,0.016747,0.016204,0.01555,0.014849,0.014477,0.014638,0.015294,0.015177,0.014735,0.015153,0.014584,0.013041,0.01171,0.010594,0.009919,0.008816,0.008501,0.008273,0.007856,0.007367,0.008248,0.010534,0.012104,0.011543,0.009998,0.008789,0.007468,0.006059,0.004801,0.00388,0.003661,0.003231,0.002462,0.001729,0.001214,0.000755,0.000457,0.000371
m20260420221724,,0.170287,0.047258,0.098216,0.054586,0.046277,0.049744,0.061103,0.067307,0.068603,0.079385,0.101319,0.109312,0.106359,0.103214,0.096857,0.061712,0.056957,0.075328,0.092103,0.093015,0.080005,0.058953,0.05432,0.061283,0.058572,0.046621,0.039489,0.061447,0.057292,0.056591,0.068153,0.075975,0.078175,0.074877,0.048279,0.059217,0.061516,0.042279,0.048304,0.047513,0.041172,0.045753,0.055109,0.058051,0.056084,0.052616,0.049835,0.056136,0.065085,0.060869,0.056848,0.057665,0.053519,0.050049,0.049177,0.05392,0.056153,0.054224,0.04771,0.040083,0.054328,0.048162,0.039994,0.030222,0.031168,0.036531,0.048183,0.061153,0.055057,0.050887,0.050698,0.038987,0.034816,0.030777,0.030992,0.035902,0.036444,0.028867,0.023966,0.026243,0.026791,0.029145,0.029922,0.030323,0.030591,0.029761,0.026961,0.023213,0.022353,0.022396,0.022443,0.024243,0.025812,0.024813,0.025611,0.025515,0.022442,0.020884,0.018899,0.020625,0.021449,0.019185,0.015738,0.014209,0.014035,0.015489,0.01756,0.02036,0.025834,0.035107,0.039418,0.036673,0.035202,0.034903,0.031771,0.027246,0.0248,0.02239,0.019542,0.017025,0.015686,0.015978,0.016159,0.015423,0.015643,0.015355,0.015154,0.015702,0.015571,0.01502,0.014944,0.015604,0.015504,0.014561,0.012961,0.012276,0.012102,0.011739,0.011241,0.010664,0.009998,0.009725,0.010509,0.010383,0.009491,0.009344,0.009486,0.008942,0.006756,0.0051,0.004534,0.004008,0.003437,0.002834,0.002269,0.001581,0.000876,0.000556,0.000442,0.000356
m20260420221948,"1.00"" [noise issue fixed]",0.1547,0.043011,0.071773,0.027321,0.025809,0.025862,0.037913,0.037566,0.038515,0.059055,0.088739,0.080059,0.112636,0.129245,0.065007,0.032279,0.034947,0.047726,0.035286,0.049323,0.051762,0.037885,0.031469,0.053701,0.056855,0.046376,0.039132,0.033688,0.029582,0.033282,0.04139,0.060206,0.078824,0.071942,0.064505,0.054907,0.041781,0.042689,0.040735,0.038744,0.037512,0.037391,0.039196,0.045311,0.046882,0.04612,0.049095,0.058785,0.065169,0.057679,0.048406,0.037811,0.032821,0.029288,0.03023,0.034675,0.038778,0.047013,0.055113,0.061663,0.060031,0.055003,0.048022,0.050635,0.037119,0.027609,0.024238,0.033459,0.053536,0.050652,0.037191,0.031803,0.028229,0.028375,0.029399,0.030911,0.036763,0.036152,0.028372,0.022122,0.020142,0.020417,0.019795,0.02328,0.026961,0.025237,0.025624,0.023858,0.020858,0.019965,0.021716,0.025147,0.028516,0.030757,0.031955,0.03107,0.029251,0.026307,0.022523,0.021706,0.025703,0.027559,0.01908,0.010842,0.01256,0.015581,0.018401,0.022822,0.02653,0.029105,0.035351,0.038018,0.035251,0.033649,0.031556,0.028655,0.025924,0.023572,0.020531,0.017517,0.01591,0.014709,0.013073,0.011558,0.01023,0.009668,0.009764,0.01016,0.011376,0.013325,0.013678,0.013061,0.012655,0.012861,0.011894,0.010724,0.010169,0.009658,0.009117,0.009151,0.008882,0.008007,0.007542,0.007986,0.00877,0.009959,0.009598,0.008108,0.00689,0.006546,0.006063,0.005003,0.004114,0.003442,0.002802,0.002292,0.001823,0.001399,0.001171,0.001061
m20260421115831,dry run,0.118442,0.110916,0.125431,0.161763,0.173277,0.121957,0.059356,0.060267,0.064609,0.058869,0.046999,0.037138,0.029656,0.032412,0.030747,0.026053,0.027819,0.029538,0.024588,0.020483,0.01565,0.017805,0.013831,0.014127,0.013692,0.013123,0.012988,0.011236,0.012446,0.011501,0.010364,0.008512,0.010301,0.008713,0.00712,0.006809,0.006669,0.006653,0.006682,0.006575,0.006464,0.004505,0.003736,0.003901,0.004524,0.005342,0.004379,0.004281,0.003673,0.003658,0.003326,0.00345,0.003041,0.00225,0.00282,0.002924,0.002516,0.002563,0.00248,0.002775,0.002883,0.002527,0.002852,0.002646,0.002882,0.002339,0.001894,0.00228,0.002591,0.00211,0.002063,0.002135,0.002141,0.002151,0.001821,0.002085,0.001985,0.001634,0.002139,0.001969,0.001849,0.001607,0.001498,0.001546,0.001533,0.001735,0.001672,0.001318,0.001367,0.001475,0.001542,0.001347,0.00112,0.001278,0.001336,0.001365,0.001277,0.001343,0.001193,0.001031,0.000967,0.001114,0.000925,0.001148,0.001106,0.001071,0.001146,0.001211,0.000984,0.000927,0.000844,0.001008,0.000966,0.000864,0.000799,0.000842,0.00084,0.000735,0.000667,0.000695,0.000641,0.000591,0.000569,0.000595,0.000683,0.000677,0.000639,0.000618,0.00063,0.000541,0.000409,0.000456,0.000504,0.000477,0.000455,0.000433,0.000422,0.000377,0.000366,0.000331,0.000331,0.00035,0.000335,0.000308,0.000309,0.000232,0.000219,0.000246,0.000174,0.000136,0.000127,0.000137,0.00014,0.000103,7.9e-05,7.8e-05,6.6e-05,5.2e-05,3.2e-05,2e-05
m20260421120048,CS disconnect,0.18249,0.063577,0.017035,0.013835,0.009086,0.021694,0.014972,0.016174,0.011763,0.010558,0.009665,0.013804,0.009543,0.011288,0.005876,0.006962,0.005139,0.009311,0.005805,0.008016,0.005852,0.009529,0.003919,0.005089,0.010035,0.004769,0.008763,0.008405,0.006067,0.005134,0.004766,0.001937,0.001542,0.004718,0.003107,0.003159,0.001915,0.002817,0.002608,0.002609,0.0031,0.00374,0.003987,0.002932,0.002963,0.00336,0.001932,0.00288,0.001902,0.001562,0.002395,0.002568,0.003042,0.003478,0.004003,0.002923,0.002349,0.003236,0.003088,0.00212,0.003234,0.002703,0.001477,0.002183,0.001894,0.001988,0.001319,0.001523,0.000724,0.002253,0.002366,0.001592,0.003081,0.002532,0.001216,0.001633,0.001978,0.001597,0.001506,0.002098,0.002581,0.00158,0.00144,0.002297,0.001835,0.0022,0.0017,0.002724,0.002203,0.001046,0.001463,0.002055,0.001697,0.001222,0.000841,0.001336,0.001907,0.001339,0.001038,0.001248,0.000878,0.000609,0.000478,0.000772,0.00073,0.001114,0.001195,0.001411,0.001257,0.001226,0.000681,0.000734,0.000855,0.001153,0.001344,0.001155,0.001443,0.001249,0.000647,0.000673,0.001059,0.000857,0.000717,0.000497,0.000612,0.000507,0.000502,0.000601,0.000697,0.000726,0.00036,0.000678,0.000817,0.000804,0.00062,0.000408,0.000369,0.00057,0.000423,0.000243,0.000454,0.000401,0.000283,0.000319,0.000235,0.000336,0.000332,0.000231,0.000207,0.000303,0.000191,0.000355,0.000249,0.000168,0.000164,0.00018,0.000151,0.000108,0.000103,0.000116
m20260421120214,ADR disconnect,0.19388,0.152754,0.129942,0.165513,0.074752,0.15467,0.141102,0.171243,0.186821,0.164579,0.140965,0.148775,0.128919,0.100021,0.136482,0.10477,0.111884,0.133799,0.097041,0.106306,0.109646,0.082333,0.102497,0.090533,0.065491,0.082654,0.063601,0.061695,0.075326,0.085487,0.088278,0.091444,0.089237,0.085345,0.076724,0.058528,0.04585,0.050581,0.043965,0.058127,0.063994,0.070485,0.079465,0.070475,0.061528,0.054373,0.046465,0.047163,0.047182,0.054329,0.060642,0.06022,0.06268,0.058468,0.052131,0.046067,0.040693,0.038675,0.039137,0.041949,0.052077,0.061033,0.067681,0.07018,0.063925,0.056924,0.047093,0.038055,0.034899,0.036924,0.043338,0.051118,0.058959,0.063085,0.061121,0.054857,0.048585,0.042556,0.036686,0.033114,0.037556,0.045066,0.049782,0.057943,0.0595,0.058338,0.055114,0.047645,0.040277,0.032748,0.031716,0.038873,0.04444,0.051299,0.055149,0.058193,0.057608,0.050966,0.045224,0.036231,0.030216,0.03378,0.038086,0.044375,0.050495,0.055379,0.056965,0.054166,0.048758,0.041092,0.032843,0.030942,0.034366,0.040754,0.046793,0.052044,0.056088,0.05563,0.051458,0.044622,0.036776,0.031625,0.0301,0.035032,0.042435,0.050382,0.056204,0.058403,0.056855,0.051643,0.044661,0.037502,0.032348,0.031719,0.036538,0.044129,0.050955,0.055188,0.056505,0.054251,0.0497,0.043447,0.036993,0.032945,0.03406,0.039839,0.04726,0.053141,0.056176,0.056176,0.053329,0.048009,0.041513,0.035828,0.034128,0.037593,0.043718,0.049563,0.05341,0.054717
m20260421132809,"0.25"" [1]",0.629909,0.768746,0.623435,0.517418,0.490055,0.536469,0.66105,0.595778,0.544216,0.519298,0.535234,0.539555,0.510148,0.485195,0.521993,0.543658,0.517696,0.47458,0.59152,0.614935,0.528077,0.5384,0.522361,0.468462,0.528489,0.532698,0.502923,0.523339,0.457606,0.499482,0.522585,0.471077,0.406134,0.425739,0.449965,0.513786,0.418018,0.328911,0.357983,0.43096,0.409165,0.527106,0.525911,0.434296,0.47128,0.470993,0.44408,0.429271,0.422011,0.404948,0.382407,0.512579,0.594299,0.466895,0.425745,0.470943,0.426721,0.394655,0.466874,0.428005,0.387611,0.427397,0.485626,0.503093,0.426333,0.466912,0.468862,0.42911,0.4063,0.416872,0.45034,0.460917,0.400004,0.409345,0.429947,0.466997,0.406217,0.447804,0.41059,0.398124,0.381851,0.385746,0.447559,0.448732,0.361706,0.335767,0.3503,0.488302,0.498891,0.397281,0.443417,0.387269,0.401222,0.401637,0.346031,0.388661,0.41057,0.446804,0.463762,0.384277,0.364085,0.417,0.400059,0.456114,0.408276,0.380796,0.357384,0.392183,0.383757,0.400986,0.36611,0.317312,0.398908,0.4096,0.360816,0.34791,0.393493,0.369402,0.366586,0.410922,0.432689,0.379674,0.378684,0.314506,0.366595,0.395638,0.383365,0.319713,0.361055,0.433519,0.443852,0.360009,0.361791,0.352683,0.352944,0.387864,0.393262,0.413365,0.40335,0.351929,0.325479,0.380675,0.351444,0.373739,0.348165,0.32465,0.38887,0.417317,0.343892,0.292229,0.394379,0.340647,0.28822,0.310585,0.313714,0.31406,0.415235,0.433823,0.310968,0.260032
m20260421133208,"0.25"" [1]",0.138909,0.174584,0.082657,0.0494,0.031506,0.031365,0.02659,0.021804,0.02484,0.042805,0.036926,0.02467,0.024134,0.024607,0.02053,0.029727,0.03614,0.017029,0.013457,0.010851,0.015006,0.045011,0.06342,0.058034,0.039805,0.028168,0.023739,0.023577,0.023987,0.020117,0.017831,0.013549,0.014282,0.013453,0.012986,0.015602,0.015001,0.017586,0.019449,0.014565,0.014415,0.013607,0.014683,0.015214,0.014814,0.011852,0.013266,0.012638,0.013709,0.013137,0.012266,0.012627,0.014513,0.016061,0.015394,0.017806,0.020875,0.024301,0.023586,0.023286,0.023988,0.023603,0.023772,0.02309,0.025383,0.031856,0.037991,0.032922,0.032435,0.028163,0.026747,0.025061,0.027099,0.022595,0.013671,0.009685,0.011975,0.011061,0.01235,0.012886,0.012744,0.014034,0.014598,0.013456,0.012718,0.012274,0.011072,0.011386,0.011095,0.011389,0.013229,0.012913,0.013224,0.01404,0.014664,0.014248,0.01355,0.014542,0.01621,0.016618,0.015441,0.014934,0.013591,0.015657,0.016736,0.015181,0.018212,0.017887,0.01476,0.013865,0.012293,0.011144,0.011065,0.010344,0.009533,0.008598,0.008013,0.008686,0.008819,0.008778,0.009865,0.009757,0.008647,0.007954,0.007299,0.006554,0.005996,0.005848,0.00558,0.004863,0.004468,0.004229,0.003807,0.003818,0.00384,0.003089,0.002899,0.003631,0.004069,0.003602,0.004168,0.004278,0.003704,0.003508,0.003241,0.002767,0.002291,0.001985,0.002134,0.002092,0.001973,0.001756,0.001411,0.001153,0.000907,0.000644,0.000454,0.000285,0.000166,8.7e-05
m20260421140149,"0.25"" [1]",0.048714,0.077784,0.063047,0.049245,0.048689,0.054039,0.055209,0.042827,0.031472,0.051926,0.060258,0.04031,0.026503,0.038041,0.028469,0.036636,0.073529,0.0637,0.03513,0.031839,0.02502,0.024334,0.04496,0.0562,0.029104,0.012449,0.013071,0.012111,0.012525,0.011901,0.0107,0.011907,0.011249,0.011344,0.012759,0.015326,0.016007,0.018199,0.021284,0.017927,0.015594,0.015852,0.012853,0.013862,0.013872,0.014122,0.012832,0.012534,0.011672,0.011881,0.012923,0.012855,0.01325,0.015847,0.017514,0.018234,0.021191,0.025402,0.026785,0.026361,0.027313,0.026323,0.025756,0.025746,0.027455,0.029254,0.034118,0.041491,0.038654,0.026723,0.021644,0.020872,0.0178,0.016672,0.016753,0.015362,0.013119,0.012499,0.010595,0.010016,0.010657,0.01121,0.012172,0.012064,0.010761,0.009847,0.009619,0.010437,0.011233,0.011475,0.01241,0.013084,0.012617,0.011884,0.012148,0.012323,0.01207,0.012784,0.012973,0.012544,0.01083,0.011245,0.012025,0.012259,0.014438,0.0183,0.018879,0.016486,0.015958,0.015946,0.014924,0.012387,0.01068,0.010024,0.009484,0.00854,0.007531,0.007424,0.007153,0.007283,0.008322,0.008575,0.008379,0.008418,0.008114,0.007948,0.008095,0.008185,0.007774,0.007488,0.007311,0.006781,0.00588,0.004822,0.004544,0.00467,0.00453,0.004112,0.004118,0.00434,0.004617,0.004572,0.004473,0.004201,0.003753,0.003337,0.002747,0.002314,0.00216,0.002003,0.001754,0.001372,0.001103,0.000983,0.000894,0.000682,0.000483,0.000361,0.000232,0.000124
m20260421140338,"0.25"" [2]",0.052489,0.088197,0.066715,0.057657,0.062416,0.052315,0.051025,0.040551,0.037141,0.053464,0.05626,0.033964,0.0253,0.037677,0.030309,0.029,0.056837,0.053508,0.037174,0.033894,0.030622,0.029219,0.05301,0.063233,0.032818,0.0137,0.014636,0.013231,0.012337,0.011018,0.011147,0.012715,0.009081,0.010375,0.010851,0.011208,0.012672,0.017224,0.021094,0.022475,0.017461,0.015558,0.016059,0.015837,0.016367,0.017364,0.016609,0.01381,0.012226,0.011164,0.01259,0.01275,0.013095,0.011759,0.01187,0.012498,0.015884,0.021011,0.022379,0.021797,0.022996,0.023807,0.023241,0.02315,0.024143,0.022049,0.025905,0.045938,0.043355,0.029849,0.022467,0.025159,0.022849,0.017716,0.017906,0.016082,0.014678,0.014602,0.015108,0.016998,0.017212,0.018509,0.019395,0.019689,0.019022,0.018532,0.01789,0.017829,0.017077,0.016626,0.016554,0.016136,0.014979,0.013968,0.012953,0.011726,0.011733,0.011225,0.010799,0.010653,0.01069,0.010851,0.012388,0.016412,0.020562,0.022413,0.02361,0.0226,0.021154,0.019681,0.017966,0.014549,0.011809,0.010694,0.009599,0.008476,0.006885,0.005928,0.006059,0.007169,0.008409,0.008972,0.009156,0.009184,0.009724,0.010298,0.01021,0.010059,0.010282,0.010668,0.010434,0.009791,0.008728,0.007588,0.00701,0.006559,0.006228,0.006207,0.005832,0.005224,0.004433,0.004059,0.003725,0.003341,0.003032,0.002659,0.002154,0.001888,0.001824,0.001804,0.001751,0.00162,0.00154,0.001443,0.001277,0.00105,0.000818,0.000617,0.000426,0.000328
m20260421140622,"0.25"" [3]",0.045625,0.0568,0.091209,0.110643,0.051394,0.034574,0.045533,0.030121,0.031534,0.038518,0.037752,0.028505,0.026012,0.024338,0.015306,0.014584,0.026582,0.032743,0.019318,0.032529,0.040259,0.026316,0.029738,0.048073,0.034498,0.022869,0.017284,0.015491,0.011854,0.009311,0.009911,0.012591,0.01187,0.014897,0.017572,0.016108,0.01523,0.020946,0.025191,0.021924,0.016418,0.013573,0.013708,0.011185,0.011611,0.012948,0.011711,0.010748,0.012423,0.013689,0.012029,0.011738,0.013275,0.014221,0.016195,0.018085,0.018399,0.020455,0.022559,0.021561,0.019682,0.019824,0.020242,0.020083,0.018237,0.021539,0.029688,0.038338,0.040186,0.028253,0.020867,0.024131,0.020797,0.020717,0.016647,0.015011,0.013554,0.012276,0.010429,0.009843,0.010981,0.011932,0.013137,0.014348,0.014045,0.013501,0.012302,0.011219,0.01036,0.010303,0.010511,0.011376,0.010803,0.009547,0.009351,0.009479,0.00913,0.008986,0.01069,0.012269,0.012627,0.011609,0.009984,0.009643,0.009973,0.012819,0.014158,0.012869,0.012679,0.012888,0.011857,0.010758,0.010292,0.009634,0.008644,0.008202,0.008164,0.008307,0.008255,0.008229,0.008375,0.008707,0.008932,0.008695,0.008255,0.007925,0.007937,0.008367,0.008677,0.008624,0.008457,0.007766,0.006786,0.005969,0.005198,0.004659,0.004571,0.004609,0.004712,0.004512,0.004729,0.004729,0.004478,0.004231,0.003775,0.003384,0.003065,0.002911,0.002592,0.002271,0.001948,0.001644,0.001447,0.001278,0.001112,0.000912,0.000664,0.000426,0.000243,0.000117
m20260421140821,"0.25"" [4]",0.04395,0.064709,0.086722,0.090814,0.058668,0.047045,0.042989,0.035819,0.0344,0.040513,0.044513,0.033514,0.022509,0.02093,0.013599,0.018129,0.030226,0.037752,0.022649,0.037241,0.042724,0.020693,0.022858,0.034845,0.025762,0.020415,0.016165,0.017997,0.014057,0.012625,0.013259,0.013931,0.013715,0.01504,0.016864,0.016062,0.019348,0.021033,0.020769,0.01656,0.014382,0.012738,0.013452,0.012465,0.011966,0.011999,0.011168,0.010522,0.013962,0.016143,0.013893,0.013292,0.014235,0.014789,0.016287,0.018012,0.01965,0.02213,0.022729,0.020564,0.018907,0.018186,0.018757,0.019247,0.017519,0.020928,0.028208,0.035155,0.03528,0.029096,0.020513,0.017981,0.017927,0.014072,0.013497,0.012829,0.011168,0.011109,0.011802,0.011593,0.012299,0.013141,0.014332,0.015134,0.015593,0.015775,0.015835,0.014972,0.014631,0.015155,0.014502,0.014397,0.013814,0.01252,0.010588,0.009719,0.009353,0.008653,0.009379,0.010334,0.010136,0.009072,0.007937,0.008302,0.011301,0.014351,0.015377,0.015134,0.01605,0.016824,0.015537,0.013359,0.011841,0.01071,0.009478,0.008025,0.007299,0.007006,0.007172,0.00753,0.007859,0.008202,0.00818,0.008625,0.008694,0.008278,0.008161,0.008593,0.009099,0.00933,0.009279,0.008825,0.007718,0.006669,0.00593,0.005521,0.004919,0.004417,0.004322,0.004168,0.004233,0.00411,0.003917,0.003538,0.003124,0.002866,0.002574,0.002454,0.002349,0.002302,0.002136,0.001996,0.001822,0.001619,0.001414,0.001119,0.000822,0.000529,0.000294,0.00016
m20260421140906,"0.25"" [5]",0.047101,0.055869,0.052151,0.089563,0.057269,0.027286,0.033452,0.03678,0.038128,0.039993,0.036439,0.027971,0.022773,0.027758,0.016798,0.01671,0.034477,0.040197,0.025134,0.037745,0.037214,0.019819,0.025506,0.044132,0.030163,0.019465,0.014816,0.012952,0.008132,0.008724,0.012627,0.015361,0.013833,0.016088,0.017551,0.017781,0.018047,0.019925,0.021404,0.01911,0.014249,0.015653,0.016443,0.015596,0.015997,0.016378,0.014588,0.013779,0.013819,0.015781,0.015708,0.015964,0.019115,0.020768,0.021633,0.022754,0.023902,0.023278,0.021375,0.018556,0.016968,0.018305,0.019601,0.019367,0.019998,0.027153,0.041616,0.046975,0.03388,0.026771,0.027964,0.023276,0.01862,0.019421,0.015098,0.013268,0.013748,0.011583,0.010227,0.01059,0.011104,0.011703,0.012212,0.012775,0.013556,0.014066,0.013971,0.013729,0.012662,0.012411,0.01205,0.01227,0.012249,0.011914,0.011089,0.010422,0.009804,0.009918,0.009825,0.00945,0.008661,0.008742,0.007736,0.006497,0.009155,0.011865,0.01348,0.013358,0.014227,0.015161,0.01413,0.012811,0.011532,0.010256,0.008554,0.007615,0.007652,0.007418,0.006864,0.006633,0.006788,0.007054,0.007013,0.006609,0.00621,0.00609,0.006475,0.006737,0.007158,0.007357,0.007122,0.006933,0.006516,0.005782,0.005409,0.005163,0.004164,0.003371,0.002974,0.003301,0.003533,0.003634,0.003547,0.003454,0.003191,0.002776,0.00245,0.002355,0.002263,0.001996,0.001814,0.001721,0.001606,0.001461,0.001253,0.000965,0.000661,0.000451,0.000249,0.000119
m20260421141018,"0.25"" [1 foam]",0.044784,0.01679,0.024718,0.047851,0.05457,0.030091,0.034796,0.020882,0.028769,0.038273,0.032988,0.031077,0.019825,0.01837,0.016473,0.020828,0.037687,0.037171,0.024454,0.030425,0.030772,0.022031,0.03491,0.059377,0.042419,0.034189,0.030625,0.024143,0.01903,0.019009,0.014267,0.016298,0.018657,0.023432,0.026472,0.02243,0.022365,0.030107,0.030852,0.028198,0.026117,0.025585,0.026408,0.026987,0.02685,0.025488,0.024594,0.023849,0.027825,0.031786,0.027688,0.023529,0.028456,0.031382,0.034347,0.03873,0.043059,0.046798,0.048461,0.046293,0.044673,0.040656,0.039676,0.040125,0.041105,0.045651,0.059214,0.063029,0.049844,0.046634,0.03376,0.026701,0.029292,0.028372,0.027099,0.025412,0.023288,0.020268,0.017947,0.016555,0.015106,0.013354,0.01456,0.017499,0.017664,0.016377,0.015737,0.015721,0.015912,0.016183,0.015302,0.015832,0.014873,0.013809,0.012648,0.012272,0.01287,0.01156,0.014791,0.018586,0.01993,0.02034,0.018473,0.016104,0.016113,0.019481,0.021955,0.022137,0.023337,0.024189,0.022588,0.020641,0.020832,0.019073,0.016071,0.014679,0.015169,0.014933,0.013853,0.013366,0.013283,0.013065,0.014009,0.014192,0.013616,0.013158,0.012672,0.012149,0.011601,0.011564,0.010946,0.009731,0.00862,0.007732,0.006731,0.00571,0.004995,0.005583,0.007189,0.00813,0.007965,0.007991,0.007452,0.006281,0.005205,0.004706,0.004803,0.00498,0.004902,0.004717,0.004317,0.003592,0.00294,0.002327,0.00183,0.001463,0.001028,0.00064,0.000358,0.000199
m20260421141050,"0.25"" [2 foam]",0.029222,0.026584,0.023896,0.053134,0.053087,0.025569,0.034899,0.023849,0.032941,0.040235,0.026748,0.023268,0.022932,0.024276,0.017268,0.023634,0.037335,0.04028,0.029552,0.033333,0.028453,0.024093,0.034429,0.052162,0.035767,0.026691,0.024011,0.019272,0.013111,0.015044,0.017431,0.015117,0.018691,0.021628,0.023997,0.021303,0.019472,0.023859,0.029194,0.029647,0.022422,0.020446,0.023229,0.024835,0.022822,0.022164,0.022503,0.022714,0.025351,0.026002,0.022739,0.021823,0.02373,0.025462,0.025658,0.029138,0.035429,0.036636,0.034957,0.033153,0.031039,0.031463,0.031666,0.027855,0.031871,0.046785,0.0507,0.04501,0.057431,0.035289,0.022178,0.039761,0.038638,0.026606,0.025109,0.02556,0.024752,0.022508,0.019885,0.018142,0.019173,0.020536,0.021638,0.021741,0.021694,0.021708,0.022045,0.021994,0.021699,0.022288,0.022267,0.022268,0.021292,0.01912,0.016625,0.014202,0.014913,0.018061,0.019897,0.021259,0.022723,0.020944,0.017732,0.018031,0.018895,0.020293,0.024373,0.028024,0.027329,0.026706,0.027037,0.023701,0.01934,0.017027,0.016103,0.013915,0.013178,0.012976,0.013029,0.012391,0.012683,0.013597,0.014246,0.014794,0.015425,0.015167,0.014843,0.014847,0.015213,0.015757,0.015838,0.015161,0.01342,0.0114,0.009546,0.008106,0.007005,0.006359,0.006031,0.00679,0.007628,0.007409,0.00677,0.006242,0.005611,0.004926,0.004577,0.00427,0.003989,0.00392,0.003709,0.00333,0.003057,0.002579,0.002145,0.001711,0.001244,0.000808,0.000443,0.000227
m20260421141126,"0.25"" [3 foam]",0.043623,0.025926,0.028386,0.057538,0.057287,0.029085,0.038018,0.028547,0.033613,0.039213,0.032386,0.025423,0.020826,0.020544,0.016226,0.020058,0.029364,0.031739,0.025546,0.033525,0.031141,0.021436,0.032877,0.056842,0.0506,0.036863,0.029512,0.030901,0.026369,0.021441,0.01954,0.015107,0.017625,0.021309,0.024409,0.021091,0.0184,0.020873,0.023554,0.025751,0.024202,0.019417,0.019722,0.01945,0.02015,0.021836,0.021624,0.020729,0.024121,0.027337,0.025007,0.021708,0.025228,0.027611,0.027063,0.029717,0.033806,0.036846,0.034258,0.030902,0.031252,0.031806,0.030627,0.033066,0.039607,0.051808,0.067479,0.064244,0.035917,0.042294,0.033816,0.023399,0.032881,0.032087,0.024676,0.021181,0.022049,0.019024,0.017005,0.018365,0.02097,0.022421,0.023746,0.024958,0.024308,0.022963,0.022874,0.02328,0.020981,0.020053,0.019951,0.018677,0.017303,0.016469,0.014934,0.014959,0.015579,0.016647,0.019605,0.022085,0.024894,0.025545,0.023204,0.019525,0.015544,0.016948,0.02399,0.025626,0.025906,0.028174,0.028879,0.026193,0.023518,0.020983,0.018238,0.016312,0.014419,0.01317,0.011985,0.01207,0.011941,0.01155,0.011844,0.011917,0.011127,0.011065,0.011838,0.012708,0.013736,0.01424,0.014275,0.014023,0.013256,0.01143,0.009428,0.007594,0.005774,0.004809,0.005703,0.007494,0.008026,0.007304,0.006877,0.006226,0.005808,0.005079,0.004452,0.003969,0.003649,0.003458,0.003194,0.002784,0.00243,0.002062,0.001616,0.001282,0.001008,0.00063,0.000299,0.000148
m20260421141204,"0.25"" [4 foam]",0.042689,0.023389,0.03017,0.049146,0.052572,0.026047,0.037823,0.025199,0.029862,0.039018,0.033575,0.025116,0.015625,0.015411,0.012941,0.01366,0.026331,0.02591,0.015105,0.020591,0.021353,0.021299,0.024977,0.039989,0.03458,0.032475,0.028249,0.024724,0.020234,0.018884,0.015546,0.016963,0.016289,0.019844,0.023427,0.021558,0.022056,0.026884,0.030804,0.034826,0.029905,0.020115,0.020618,0.021785,0.020819,0.021296,0.021932,0.02164,0.020853,0.022188,0.02164,0.020234,0.022129,0.024017,0.02385,0.02553,0.030973,0.0354,0.034926,0.034801,0.035939,0.034941,0.033637,0.034151,0.03665,0.046463,0.057952,0.05339,0.043669,0.029169,0.028909,0.031944,0.033564,0.027529,0.022144,0.023417,0.022715,0.019825,0.017612,0.01781,0.017929,0.019599,0.021356,0.020577,0.020238,0.020217,0.019325,0.018373,0.018339,0.018379,0.018334,0.016915,0.016971,0.017563,0.017295,0.015915,0.013943,0.014637,0.016356,0.017411,0.017862,0.019003,0.017925,0.013145,0.011628,0.015096,0.016218,0.017943,0.021031,0.021827,0.020958,0.02154,0.02089,0.018535,0.016178,0.015467,0.014782,0.014326,0.013925,0.013634,0.012943,0.013081,0.013935,0.01392,0.013415,0.013147,0.013249,0.012954,0.012338,0.01232,0.012118,0.011457,0.010348,0.009181,0.007591,0.005959,0.005031,0.004379,0.005413,0.005803,0.005533,0.005961,0.006603,0.006109,0.005157,0.004824,0.005363,0.005631,0.005283,0.005005,0.004653,0.004086,0.003465,0.00291,0.002562,0.002275,0.001939,0.001698,0.001475,0.001294
m20260421141236,"0.25"" [5 foam]",0.041372,0.021003,0.024101,0.044412,0.042786,0.023365,0.040946,0.027211,0.034245,0.051928,0.039943,0.019365,0.014669,0.016296,0.011238,0.015035,0.028009,0.026311,0.018908,0.017722,0.015746,0.023321,0.020065,0.042596,0.031567,0.029967,0.021865,0.01779,0.016505,0.013242,0.009888,0.008973,0.011409,0.01798,0.022752,0.021009,0.017509,0.022328,0.02682,0.029151,0.024625,0.018715,0.018519,0.018659,0.017315,0.019799,0.017362,0.017924,0.01912,0.019739,0.020053,0.019523,0.022434,0.023699,0.023866,0.024048,0.024593,0.026905,0.026084,0.026414,0.025051,0.025619,0.026437,0.028933,0.029328,0.042259,0.051193,0.043081,0.034892,0.037545,0.028019,0.025486,0.028041,0.023455,0.021086,0.019719,0.018848,0.017397,0.015391,0.012643,0.01266,0.014516,0.016324,0.018153,0.018273,0.01797,0.018187,0.019027,0.019399,0.017568,0.016456,0.015779,0.014328,0.013422,0.012925,0.012618,0.0126,0.011359,0.011543,0.01312,0.014926,0.015025,0.012863,0.009918,0.010018,0.012423,0.013664,0.015816,0.017976,0.018008,0.018237,0.019161,0.017764,0.015578,0.014442,0.012963,0.011867,0.011595,0.012521,0.012505,0.011692,0.011957,0.012733,0.012841,0.013182,0.01295,0.012549,0.012342,0.012044,0.011609,0.011964,0.011753,0.010262,0.008921,0.008056,0.006687,0.005814,0.006448,0.006633,0.00644,0.006521,0.006415,0.005906,0.005571,0.005132,0.004532,0.004017,0.0039,0.003971,0.003981,0.003578,0.002907,0.002273,0.001879,0.001545,0.001211,0.000925,0.000628,0.000347,0.000188
m20260421141632,"0.50"" [5 foam]",0.030846,0.040669,0.068763,0.067218,0.075911,0.052582,0.033327,0.030961,0.025102,0.0196,0.024088,0.02924,0.030603,0.029066,0.02504,0.02229,0.021443,0.016989,0.015459,0.021284,0.024198,0.027071,0.029946,0.034467,0.035552,0.037037,0.042104,0.040163,0.034974,0.032046,0.030102,0.035364,0.04253,0.048759,0.04686,0.058024,0.059664,0.063811,0.064781,0.06168,0.039466,0.02648,0.025607,0.022946,0.022575,0.025218,0.027813,0.031107,0.038498,0.045582,0.043124,0.038197,0.035796,0.03249,0.030912,0.030374,0.023936,0.017765,0.019945,0.021092,0.024238,0.024218,0.022154,0.027775,0.033168,0.026604,0.032169,0.032488,0.029808,0.031022,0.033043,0.034909,0.037853,0.041011,0.040282,0.04032,0.045992,0.055134,0.060869,0.054996,0.048216,0.042715,0.037577,0.034163,0.031247,0.028412,0.024628,0.019728,0.017625,0.016875,0.018469,0.023539,0.02502,0.02361,0.026957,0.03288,0.036985,0.04257,0.042885,0.037263,0.035452,0.036323,0.034011,0.030802,0.026697,0.021969,0.019818,0.021842,0.022273,0.02142,0.021376,0.02153,0.02078,0.021596,0.023114,0.022751,0.022814,0.023622,0.022836,0.021734,0.022958,0.025923,0.029,0.031005,0.030801,0.028439,0.023265,0.017434,0.012577,0.010365,0.009552,0.009242,0.00869,0.00906,0.010166,0.011179,0.011713,0.012165,0.011673,0.010715,0.009856,0.009237,0.010399,0.011007,0.01135,0.012145,0.011808,0.009891,0.00843,0.008043,0.007206,0.005632,0.004118,0.003205,0.002682,0.002266,0.001856,0.001401,0.001094,0.000986
m20260421141721,"0.50"" [5 foam]",0.039996,0.036673,0.070613,0.08042,0.089454,0.06202,0.034087,0.025201,0.019913,0.024466,0.037017,0.047428,0.04909,0.043522,0.036675,0.031577,0.027757,0.025633,0.024102,0.022576,0.023821,0.029157,0.032601,0.033755,0.035534,0.037851,0.040252,0.041305,0.043548,0.043864,0.039072,0.039784,0.046557,0.050984,0.051874,0.061159,0.074452,0.075651,0.083161,0.066209,0.035723,0.029575,0.027034,0.024166,0.027989,0.031868,0.033324,0.038349,0.042249,0.042134,0.038589,0.034983,0.029782,0.028904,0.032589,0.031637,0.028414,0.025974,0.026013,0.026933,0.02608,0.028696,0.034211,0.039507,0.04006,0.045345,0.046576,0.037664,0.039701,0.040448,0.042478,0.048422,0.050986,0.052568,0.052855,0.057503,0.068531,0.078626,0.077671,0.072964,0.065618,0.058745,0.053439,0.04787,0.043564,0.03748,0.030184,0.027367,0.02359,0.01923,0.020844,0.023766,0.025253,0.02602,0.030925,0.037911,0.042725,0.044031,0.042224,0.03928,0.03689,0.03205,0.027549,0.02469,0.021104,0.019847,0.020683,0.021915,0.025143,0.027396,0.028222,0.028939,0.028683,0.028406,0.028759,0.026344,0.023914,0.022331,0.018109,0.01903,0.020721,0.022618,0.027298,0.028884,0.026678,0.023865,0.019042,0.014497,0.011672,0.010139,0.008419,0.007567,0.007783,0.008224,0.01082,0.011798,0.01198,0.014361,0.016394,0.015579,0.012638,0.010798,0.011843,0.011996,0.010767,0.01109,0.01187,0.010959,0.010164,0.009887,0.008841,0.007301,0.005831,0.004663,0.003633,0.002639,0.001879,0.001234,0.000608,0.000253
m20260421141852,"0.50"" [1 foam .25"" weight]",0.038437,0.044827,0.038697,0.036702,0.035115,0.027583,0.02916,0.030837,0.029918,0.03508,0.038417,0.038334,0.037676,0.035819,0.034081,0.035897,0.032616,0.028121,0.029165,0.030667,0.031213,0.0329,0.03438,0.037556,0.044028,0.045285,0.045297,0.047102,0.041037,0.035701,0.036473,0.043241,0.054268,0.061759,0.056678,0.082431,0.078584,0.065286,0.070723,0.068406,0.05973,0.054602,0.037905,0.02638,0.026637,0.029525,0.034757,0.03787,0.042655,0.048037,0.048418,0.044029,0.042292,0.043475,0.048012,0.049049,0.042758,0.038076,0.038993,0.042173,0.041819,0.040167,0.046831,0.054594,0.04537,0.036066,0.037376,0.038749,0.040363,0.043246,0.04473,0.044683,0.046063,0.050376,0.057233,0.070254,0.079511,0.080056,0.067478,0.045552,0.035413,0.03218,0.030193,0.030338,0.026655,0.024342,0.029158,0.03463,0.042465,0.053589,0.058044,0.059624,0.062934,0.065337,0.067917,0.071313,0.071955,0.071288,0.071659,0.068648,0.062118,0.059065,0.055817,0.043334,0.031882,0.025473,0.027216,0.02701,0.026169,0.025709,0.02448,0.024008,0.023535,0.022119,0.022588,0.022942,0.021402,0.02135,0.024228,0.026686,0.028515,0.030652,0.03302,0.035245,0.035585,0.033527,0.030628,0.027127,0.023331,0.02009,0.0178,0.014978,0.010645,0.006629,0.005305,0.006327,0.00732,0.008236,0.009237,0.009606,0.009283,0.009285,0.009509,0.009733,0.009388,0.009446,0.010331,0.011332,0.010579,0.009145,0.007982,0.006388,0.004528,0.002903,0.001823,0.001405,0.00127,0.001019,0.00062,0.000331
m20260421141936,"0.50"" [2 foam .25"" weight]",0.025654,0.043174,0.050881,0.034089,0.035854,0.038914,0.039879,0.042849,0.044076,0.03955,0.038288,0.039118,0.042775,0.039979,0.040465,0.045998,0.046228,0.040951,0.036046,0.036648,0.04025,0.03827,0.036633,0.038255,0.038559,0.03689,0.0398,0.043569,0.0459,0.051629,0.054451,0.048601,0.059935,0.080304,0.083385,0.076962,0.093756,0.082634,0.069725,0.070146,0.051977,0.033172,0.031908,0.028314,0.02682,0.033772,0.035728,0.042621,0.045945,0.04995,0.055116,0.051931,0.044208,0.041617,0.045581,0.045515,0.040738,0.036998,0.033606,0.03324,0.03704,0.051095,0.058531,0.056705,0.059497,0.05367,0.040192,0.032642,0.034682,0.036563,0.039501,0.041806,0.044114,0.048481,0.058152,0.070841,0.082997,0.087789,0.075566,0.065585,0.058908,0.050785,0.046247,0.043228,0.038794,0.034771,0.028831,0.027415,0.034996,0.038417,0.042912,0.046241,0.048435,0.05205,0.056702,0.060578,0.064635,0.064614,0.059754,0.055408,0.048302,0.038382,0.033993,0.035987,0.034485,0.0324,0.03371,0.035016,0.03473,0.031443,0.029571,0.028634,0.026237,0.023724,0.020157,0.017369,0.016626,0.02061,0.024705,0.026409,0.027152,0.026692,0.024921,0.023508,0.022559,0.021062,0.019039,0.017736,0.01683,0.016387,0.015702,0.01458,0.012927,0.011101,0.009954,0.008804,0.009181,0.010577,0.011209,0.01201,0.013038,0.0125,0.010755,0.008777,0.007588,0.007278,0.006966,0.006859,0.006298,0.006472,0.006367,0.00563,0.004748,0.00378,0.002853,0.002158,0.001631,0.001081,0.000563,0.000299
m20260421145135,"0.50"" [1 with tape]",0.072091,0.102739,0.054094,0.026796,0.036011,0.029977,0.017113,0.019544,0.021399,0.024048,0.025641,0.02733,0.015228,0.015605,0.015817,0.018716,0.017386,0.014697,0.015326,0.01395,0.014743,0.013694,0.013646,0.014816,0.016639,0.018599,0.018692,0.022781,0.030516,0.039731,0.045347,0.047727,0.055333,0.06708,0.060384,0.040198,0.030402,0.028952,0.029076,0.0265,0.035658,0.029179,0.021507,0.020935,0.021546,0.025271,0.031286,0.027136,0.021072,0.021391,0.022483,0.02592,0.025564,0.021983,0.021034,0.020331,0.019546,0.016767,0.013661,0.014858,0.018294,0.023106,0.032257,0.042834,0.04746,0.041778,0.031792,0.026946,0.023037,0.022068,0.025112,0.028265,0.034194,0.040627,0.045566,0.052442,0.054317,0.048722,0.042525,0.03395,0.024658,0.019113,0.017739,0.017848,0.015747,0.013804,0.014486,0.017245,0.021762,0.027024,0.030681,0.032452,0.031706,0.030163,0.029665,0.02969,0.029788,0.028546,0.026045,0.024845,0.024671,0.022529,0.022709,0.026507,0.025641,0.022195,0.02276,0.022911,0.020085,0.019446,0.016551,0.013775,0.012844,0.012724,0.0127,0.013347,0.015395,0.017141,0.016258,0.015759,0.015735,0.01496,0.014101,0.014424,0.01416,0.012105,0.010408,0.008593,0.007287,0.00701,0.007697,0.008148,0.007458,0.00694,0.006524,0.006059,0.006025,0.006877,0.007309,0.007591,0.007754,0.007373,0.006683,0.006268,0.005767,0.005844,0.006277,0.006332,0.005614,0.005365,0.004953,0.003839,0.002988,0.002401,0.002014,0.001609,0.001127,0.000827,0.000484,0.000166
m20260421145404,"0.50"" [2 with tape]",0.033453,0.074343,0.052235,0.023318,0.029816,0.029609,0.01794,0.014607,0.013591,0.021731,0.022355,0.0201,0.013649,0.009194,0.008996,0.009191,0.011586,0.016146,0.013713,0.011197,0.011843,0.011028,0.012735,0.014382,0.013453,0.010848,0.010389,0.014263,0.018976,0.033366,0.040116,0.039372,0.044584,0.051019,0.049128,0.038177,0.028928,0.023221,0.017595,0.021878,0.027283,0.029017,0.026261,0.020713,0.019284,0.022028,0.025232,0.029767,0.02624,0.018336,0.015098,0.016433,0.020695,0.021104,0.017206,0.018402,0.017963,0.01702,0.01376,0.012343,0.016761,0.022491,0.043501,0.056298,0.04735,0.045954,0.039045,0.026694,0.025404,0.024113,0.025189,0.027783,0.032488,0.036187,0.046322,0.058069,0.048786,0.03895,0.033869,0.022093,0.019493,0.021361,0.019824,0.017511,0.016095,0.015123,0.014787,0.016007,0.017794,0.020708,0.027886,0.03529,0.03774,0.038858,0.041042,0.045747,0.047928,0.045551,0.04381,0.039889,0.035288,0.034159,0.029739,0.023876,0.024176,0.027009,0.024431,0.022625,0.021851,0.017709,0.012837,0.012657,0.014045,0.014501,0.014733,0.014789,0.013916,0.015017,0.016818,0.016523,0.014718,0.014554,0.014889,0.013504,0.012828,0.012196,0.010785,0.009646,0.008967,0.00883,0.009959,0.009821,0.009352,0.008363,0.007185,0.006304,0.006377,0.006822,0.007218,0.007096,0.006608,0.006293,0.006193,0.006351,0.00618,0.006315,0.006652,0.005946,0.004955,0.005196,0.005015,0.004265,0.003481,0.002691,0.002084,0.001697,0.001367,0.001019,0.000598,0.00034
m20260421145454,"0.50"" [3 with tape]",0.043018,0.076203,0.064146,0.020448,0.028553,0.025594,0.01225,0.009522,0.008289,0.022494,0.018642,0.01465,0.009754,0.013258,0.012083,0.010793,0.010459,0.01309,0.012416,0.009695,0.008472,0.01205,0.014917,0.014383,0.012205,0.011278,0.013768,0.016527,0.028346,0.035836,0.045611,0.048908,0.049069,0.06956,0.06337,0.038887,0.030575,0.023527,0.01926,0.022962,0.033354,0.031271,0.024699,0.021811,0.02306,0.028913,0.028596,0.026219,0.023144,0.018581,0.019579,0.025348,0.021354,0.017358,0.019337,0.019076,0.017853,0.015122,0.010457,0.010831,0.015783,0.023108,0.031316,0.051962,0.05232,0.038372,0.031754,0.024501,0.022164,0.015447,0.017519,0.023921,0.028618,0.039239,0.048623,0.054227,0.056051,0.048259,0.037033,0.030086,0.021981,0.016455,0.016286,0.014495,0.013877,0.015335,0.013716,0.013756,0.018028,0.024208,0.028594,0.032553,0.037691,0.039674,0.038896,0.037445,0.038705,0.041247,0.038408,0.033577,0.033227,0.030709,0.023907,0.023618,0.030091,0.030418,0.025666,0.02426,0.019743,0.016658,0.015241,0.015953,0.016469,0.016449,0.016514,0.015766,0.016454,0.0196,0.020176,0.017329,0.017327,0.016267,0.013164,0.012735,0.011427,0.009329,0.007931,0.007367,0.008028,0.00768,0.008158,0.008946,0.00819,0.006784,0.006558,0.006708,0.006478,0.006846,0.006885,0.006896,0.007136,0.00667,0.006399,0.006695,0.006282,0.005505,0.005822,0.00636,0.005342,0.004661,0.00421,0.003524,0.002995,0.00261,0.002147,0.001628,0.001089,0.000712,0.000403,0.000106
m20260421145757,"0.50"" [4 with tape]",0.041129,0.0864,0.047167,0.015018,0.027734,0.025403,0.01047,0.016287,0.01281,0.020307,0.012534,0.012804,0.013224,0.012342,0.009452,0.011336,0.010643,0.0106,0.013464,0.010478,0.010957,0.013532,0.014238,0.011703,0.012183,0.012048,0.010206,0.011942,0.014634,0.020076,0.030485,0.033963,0.032462,0.047615,0.049826,0.026772,0.019718,0.015978,0.014181,0.020706,0.023052,0.019593,0.022634,0.020892,0.018621,0.023019,0.02607,0.020581,0.013004,0.011531,0.012168,0.015575,0.020749,0.022542,0.022571,0.023095,0.021264,0.020833,0.015963,0.00925,0.009709,0.017755,0.02839,0.027032,0.03718,0.039797,0.020674,0.013859,0.010618,0.011974,0.013175,0.013496,0.018354,0.026251,0.030202,0.029304,0.039423,0.045692,0.033499,0.028184,0.022173,0.013283,0.009465,0.01076,0.011599,0.010497,0.011278,0.011458,0.013333,0.015696,0.019363,0.024523,0.027846,0.031094,0.032716,0.032015,0.030769,0.028066,0.024255,0.021446,0.020351,0.02088,0.02165,0.021516,0.024306,0.029195,0.030274,0.027225,0.022705,0.017892,0.013949,0.011787,0.011635,0.013155,0.014799,0.013876,0.013562,0.015072,0.014887,0.012609,0.012642,0.013822,0.014363,0.015717,0.016292,0.014854,0.013151,0.010815,0.007844,0.006867,0.006898,0.007147,0.006051,0.005375,0.005451,0.005781,0.006343,0.006754,0.007676,0.007802,0.007153,0.006396,0.005686,0.00509,0.005172,0.005141,0.004816,0.005083,0.005871,0.005703,0.004486,0.003537,0.00287,0.002333,0.001945,0.001558,0.001124,0.000726,0.000375,0.000147
m20260421145855,"0.50"" [5 with tape]",0.052056,0.074293,0.05471,0.023109,0.030589,0.024737,0.014139,0.014521,0.013142,0.026403,0.018687,0.015509,0.012609,0.010504,0.008174,0.007448,0.010651,0.012939,0.007187,0.011409,0.018021,0.016131,0.014808,0.015274,0.016129,0.013814,0.014078,0.012227,0.017066,0.026049,0.036978,0.041619,0.045753,0.063898,0.052952,0.029112,0.022802,0.020118,0.022626,0.024063,0.018916,0.027666,0.025784,0.022279,0.021126,0.024334,0.025505,0.027088,0.024502,0.02008,0.017355,0.016919,0.023543,0.023436,0.017151,0.017165,0.019761,0.017462,0.015519,0.017774,0.021886,0.032813,0.048764,0.064196,0.062659,0.044445,0.02893,0.018242,0.01331,0.012577,0.014857,0.015989,0.018635,0.026406,0.035325,0.044525,0.043445,0.038802,0.037627,0.03024,0.02564,0.018434,0.011839,0.0111,0.011707,0.011179,0.009255,0.01104,0.015495,0.020169,0.023518,0.027702,0.031142,0.029839,0.026923,0.025412,0.023951,0.022551,0.023476,0.025253,0.027859,0.030555,0.028588,0.0264,0.03198,0.034234,0.030095,0.027807,0.026758,0.021214,0.016653,0.017692,0.019991,0.021163,0.020256,0.017564,0.01552,0.014171,0.012062,0.010065,0.007489,0.008973,0.010881,0.011686,0.010959,0.009666,0.009321,0.008452,0.008027,0.008764,0.010093,0.010022,0.007733,0.006391,0.005938,0.005955,0.00626,0.006086,0.005337,0.004809,0.004637,0.004724,0.005034,0.005801,0.006168,0.006316,0.006074,0.005036,0.005387,0.005812,0.005312,0.004548,0.003594,0.002756,0.002027,0.001455,0.001027,0.000608,0.000282,0.000125
m20260421150139,"0.50"" [6]",0.061338,0.084668,0.053458,0.023551,0.028843,0.022583,0.014866,0.016311,0.018628,0.025631,0.021108,0.020004,0.018238,0.017559,0.019852,0.018155,0.018246,0.014586,0.012298,0.009789,0.006925,0.013039,0.016673,0.013755,0.014866,0.014562,0.015709,0.017068,0.01874,0.028107,0.033692,0.032738,0.042654,0.058476,0.041495,0.030703,0.030841,0.024962,0.027695,0.024579,0.022494,0.030647,0.023572,0.020528,0.025271,0.029637,0.023096,0.01942,0.019489,0.017909,0.022343,0.02514,0.020662,0.015043,0.014925,0.016343,0.016867,0.01839,0.013144,0.012517,0.023243,0.034416,0.039243,0.0665,0.068351,0.030143,0.021301,0.021713,0.01626,0.015752,0.018873,0.024375,0.029707,0.033618,0.042775,0.059313,0.060696,0.04387,0.033988,0.030211,0.021543,0.014072,0.010309,0.009764,0.010614,0.010393,0.014168,0.016816,0.019038,0.027181,0.032821,0.031212,0.029887,0.027755,0.024079,0.022454,0.025225,0.029748,0.031904,0.033955,0.033804,0.031571,0.030341,0.028598,0.02913,0.029341,0.029708,0.026669,0.02127,0.020041,0.016509,0.015461,0.015733,0.014832,0.013428,0.012591,0.013919,0.015926,0.019106,0.020795,0.021617,0.021965,0.020906,0.019015,0.016342,0.01205,0.008426,0.006103,0.006423,0.007559,0.008962,0.010581,0.010348,0.008933,0.007364,0.005935,0.005698,0.006049,0.006676,0.007155,0.007424,0.007133,0.006066,0.006194,0.00665,0.006257,0.005486,0.005664,0.004637,0.003842,0.003872,0.003613,0.003144,0.002785,0.002441,0.001928,0.001363,0.000842,0.000418,0.000147
m20260421150247,"0.50"" [7]",0.076832,0.098537,0.040905,0.018133,0.026178,0.01744,0.012467,0.01132,0.008434,0.01708,0.015189,0.016443,0.011213,0.010136,0.008567,0.006141,0.010908,0.010722,0.011175,0.009246,0.009364,0.011931,0.012082,0.01013,0.012683,0.012551,0.009537,0.011661,0.016367,0.021084,0.028451,0.030129,0.02617,0.035428,0.035012,0.024484,0.018299,0.015301,0.014481,0.017652,0.021585,0.01858,0.012812,0.013414,0.015236,0.017409,0.019047,0.020237,0.015962,0.010565,0.011537,0.014171,0.018621,0.019945,0.017695,0.019078,0.016977,0.012006,0.013322,0.012327,0.012343,0.01794,0.023053,0.029596,0.044437,0.03269,0.013727,0.011791,0.008034,0.007965,0.009745,0.00966,0.00866,0.011231,0.012626,0.020378,0.027341,0.025037,0.022828,0.021394,0.016397,0.011811,0.007647,0.003848,0.004855,0.00628,0.006768,0.003755,0.004454,0.008624,0.013537,0.014482,0.015621,0.018953,0.022304,0.023325,0.022285,0.019307,0.016352,0.01709,0.019055,0.021378,0.020068,0.015713,0.016192,0.016546,0.011679,0.012738,0.012583,0.011234,0.011341,0.012306,0.012136,0.013154,0.012446,0.009514,0.00926,0.010046,0.010195,0.01081,0.009782,0.008124,0.007617,0.007413,0.008492,0.008695,0.007771,0.007085,0.005895,0.004224,0.003942,0.004088,0.004257,0.003941,0.003656,0.003271,0.003214,0.00324,0.00278,0.002457,0.003096,0.003134,0.002943,0.003276,0.003344,0.002927,0.003502,0.004235,0.004006,0.003914,0.003748,0.003061,0.002312,0.001673,0.001122,0.000785,0.000609,0.00041,0.000226,0.000102
m20260421151930,"0.75"" [1 with glue]",0.028008,0.049812,0.033751,0.014513,0.02373,0.023462,0.010879,0.007058,0.007793,0.007966,0.006802,0.012743,0.011068,0.008138,0.005946,0.008329,0.010142,0.007103,0.007141,0.010729,0.013567,0.01171,0.011725,0.013012,0.013286,0.019692,0.023175,0.018509,0.014579,0.010662,0.013118,0.016892,0.020323,0.027147,0.034407,0.03912,0.04003,0.037295,0.03431,0.033497,0.032893,0.029494,0.028473,0.028935,0.025277,0.024684,0.028258,0.027649,0.016861,0.015368,0.021099,0.020684,0.018846,0.018428,0.016254,0.014947,0.015403,0.011176,0.010549,0.015619,0.020708,0.021404,0.029852,0.04341,0.040522,0.034383,0.03079,0.01991,0.016368,0.012819,0.013641,0.015728,0.020219,0.023435,0.024733,0.024816,0.021866,0.021527,0.022364,0.020808,0.021652,0.020241,0.019537,0.018515,0.015778,0.014307,0.013195,0.011635,0.012884,0.013595,0.015361,0.016145,0.015675,0.014624,0.012314,0.012015,0.012835,0.014042,0.015473,0.015023,0.012264,0.01161,0.011843,0.011132,0.009166,0.010242,0.010532,0.00819,0.010426,0.011614,0.01344,0.01624,0.015327,0.012677,0.011595,0.009847,0.00812,0.011875,0.01599,0.01943,0.024455,0.026969,0.028708,0.030744,0.033209,0.036653,0.03691,0.032258,0.030064,0.028391,0.023447,0.017993,0.015705,0.014736,0.013956,0.012862,0.010886,0.009441,0.007894,0.0061,0.004753,0.004275,0.004669,0.005014,0.004977,0.004239,0.003412,0.00282,0.00256,0.002454,0.002437,0.002504,0.002276,0.001815,0.001458,0.001144,0.000775,0.000475,0.000239,7.7e-05
m20260421152244,".75"" [2 with glue]",0.038995,0.048849,0.035089,0.020326,0.030546,0.026151,0.012836,0.011288,0.012913,0.013854,0.009753,0.010205,0.010646,0.010832,0.008555,0.012045,0.01185,0.010608,0.008319,0.008765,0.010998,0.012931,0.012415,0.00929,0.012291,0.019638,0.023687,0.018176,0.014155,0.014503,0.014471,0.012312,0.018456,0.024137,0.024517,0.027505,0.033279,0.03459,0.033178,0.034284,0.034001,0.031916,0.028224,0.028744,0.031403,0.03345,0.03343,0.029954,0.020596,0.017214,0.020201,0.016876,0.013682,0.014635,0.012543,0.011379,0.014331,0.012413,0.01778,0.022113,0.023874,0.021607,0.018245,0.028637,0.033962,0.030903,0.024511,0.026958,0.019556,0.018015,0.018055,0.018052,0.022035,0.025573,0.026559,0.026632,0.025383,0.02302,0.021278,0.020463,0.016478,0.019175,0.020866,0.019652,0.019227,0.016095,0.013164,0.013571,0.013417,0.015162,0.016604,0.016648,0.015991,0.016086,0.0156,0.016199,0.01694,0.015938,0.014717,0.013201,0.011934,0.011521,0.012042,0.012699,0.013075,0.011181,0.009371,0.011051,0.010632,0.013245,0.01445,0.014765,0.015117,0.014552,0.012968,0.011757,0.013582,0.015073,0.017524,0.020588,0.021652,0.022506,0.023848,0.025038,0.027555,0.028934,0.032492,0.032722,0.027185,0.024161,0.022612,0.020961,0.019691,0.019104,0.018306,0.016322,0.013927,0.010813,0.006937,0.004789,0.004538,0.004636,0.004747,0.004646,0.004996,0.00494,0.004306,0.003665,0.003017,0.00265,0.002612,0.00229,0.001981,0.001753,0.001564,0.001358,0.001023,0.000656,0.000326,0.00014
m20260421153037,"0.75"" [3 with glue]",0.035337,0.045427,0.038156,0.019712,0.028093,0.023453,0.012644,0.011871,0.0117,0.009798,0.00811,0.008756,0.009379,0.007966,0.006155,0.00827,0.011222,0.009427,0.009171,0.011405,0.011418,0.011589,0.012599,0.014497,0.017009,0.020223,0.021234,0.022628,0.015728,0.01062,0.011978,0.013894,0.01436,0.019743,0.024306,0.031946,0.039142,0.032709,0.032027,0.039945,0.04032,0.035243,0.031084,0.031648,0.032297,0.03618,0.037115,0.032501,0.02325,0.017925,0.01791,0.015433,0.014008,0.014295,0.013986,0.01235,0.013582,0.013307,0.012012,0.014128,0.017882,0.015656,0.015012,0.025307,0.030103,0.039734,0.033144,0.020331,0.013454,0.01347,0.013537,0.014754,0.017201,0.019409,0.018892,0.016652,0.015778,0.018303,0.018719,0.018152,0.018998,0.018569,0.01892,0.018782,0.015096,0.012921,0.012875,0.013134,0.012782,0.012663,0.013677,0.015046,0.015147,0.013234,0.011695,0.011102,0.011082,0.011754,0.012077,0.012898,0.011813,0.01087,0.010202,0.012803,0.012703,0.008566,0.006477,0.007783,0.00905,0.011588,0.014534,0.01587,0.017794,0.017162,0.013626,0.012442,0.012386,0.014238,0.015697,0.019013,0.022667,0.024064,0.025892,0.028317,0.030321,0.032497,0.037203,0.039921,0.0373,0.033587,0.031089,0.027222,0.022291,0.01845,0.015546,0.012651,0.010398,0.009159,0.007744,0.005384,0.004684,0.003212,0.003243,0.004529,0.00463,0.004353,0.004478,0.004202,0.003985,0.003869,0.00333,0.002598,0.001957,0.001441,0.001088,0.000857,0.000725,0.00052,0.000262,0.000108
m20260421153222,"0.75"" [1 bg noise]",0.041551,0.041698,0.037784,0.018103,0.025912,0.020284,0.00938,0.012006,0.014298,0.013338,0.010914,0.008766,0.006754,0.008608,0.0112,0.015053,0.019572,0.013296,0.009554,0.009567,0.010635,0.010142,0.010313,0.012824,0.017595,0.021183,0.020771,0.021622,0.015769,0.01361,0.019993,0.023282,0.023164,0.024814,0.029829,0.037956,0.047074,0.047611,0.041577,0.03706,0.036062,0.031444,0.028472,0.029233,0.03168,0.03367,0.03128,0.02656,0.016287,0.017796,0.018325,0.014702,0.014008,0.014054,0.014018,0.013739,0.013753,0.012156,0.012581,0.014584,0.016132,0.015593,0.019017,0.035225,0.03007,0.026454,0.027249,0.020742,0.013567,0.011619,0.011604,0.016437,0.022925,0.026902,0.02748,0.025328,0.024444,0.024645,0.023369,0.023089,0.023206,0.020801,0.018098,0.016668,0.016061,0.014244,0.013492,0.011186,0.01153,0.012558,0.011755,0.013779,0.01436,0.014099,0.013782,0.013601,0.013589,0.014368,0.013452,0.011199,0.010798,0.010681,0.009995,0.01153,0.010961,0.009991,0.008618,0.007528,0.00752,0.008479,0.010926,0.012351,0.011936,0.011956,0.012464,0.010793,0.011005,0.012387,0.014181,0.018636,0.024167,0.026545,0.026782,0.027631,0.027599,0.024937,0.02132,0.021248,0.022796,0.022474,0.021149,0.02016,0.019247,0.017783,0.015234,0.013813,0.013293,0.010256,0.006391,0.005275,0.004956,0.004362,0.004179,0.004279,0.004253,0.004194,0.003429,0.002803,0.002832,0.002696,0.002123,0.001718,0.001636,0.001359,0.000963,0.000809,0.000835,0.000587,0.000333,0.00022
m20260421153455,"0.75"" [5 with glue]",0.047781,0.042457,0.040475,0.020482,0.026826,0.017329,0.007718,0.01013,0.010257,0.010554,0.009178,0.01065,0.008445,0.006942,0.007134,0.009604,0.012369,0.011561,0.012187,0.01456,0.016904,0.013816,0.013659,0.015209,0.01894,0.020432,0.025934,0.030786,0.021584,0.010994,0.012534,0.016949,0.019439,0.025939,0.033066,0.04225,0.050846,0.046342,0.037008,0.031155,0.028921,0.026969,0.026774,0.030017,0.030934,0.030399,0.031043,0.031997,0.02529,0.022053,0.022337,0.018429,0.016896,0.017673,0.016866,0.016185,0.015724,0.013786,0.011082,0.013197,0.017997,0.018258,0.023504,0.039338,0.044392,0.033958,0.024364,0.01626,0.008989,0.007706,0.009659,0.014513,0.01817,0.019097,0.021765,0.025081,0.025441,0.025064,0.02684,0.029024,0.026131,0.023248,0.021499,0.018123,0.016019,0.015548,0.013128,0.009752,0.006765,0.007309,0.009641,0.010919,0.013217,0.013074,0.011662,0.012018,0.01159,0.011585,0.011326,0.009793,0.008904,0.008901,0.011627,0.015069,0.014041,0.011551,0.010065,0.009763,0.008601,0.008657,0.009253,0.012371,0.013343,0.012629,0.013219,0.012959,0.013247,0.016353,0.019217,0.020998,0.022372,0.021637,0.020327,0.02079,0.021593,0.02357,0.026844,0.030166,0.02961,0.027159,0.025786,0.023061,0.019204,0.016355,0.014021,0.011885,0.010407,0.008051,0.00618,0.00565,0.005781,0.005382,0.005075,0.004447,0.003649,0.003652,0.003806,0.00396,0.004137,0.004052,0.00364,0.00302,0.002319,0.001738,0.001281,0.000958,0.000666,0.000389,0.000165,9.2e-05
m20260421153709,"0.75"" [4 with glue]",0.040758,0.049833,0.04213,0.017243,0.026744,0.018593,0.01063,0.013864,0.015999,0.012323,0.010761,0.014061,0.010199,0.006261,0.00984,0.013835,0.011602,0.011127,0.009609,0.008138,0.01055,0.009762,0.009373,0.011536,0.017159,0.01903,0.017602,0.024521,0.01932,0.014374,0.01274,0.014268,0.016404,0.020424,0.025818,0.031924,0.041984,0.044786,0.040962,0.035279,0.02981,0.028914,0.030607,0.033343,0.035717,0.035884,0.035115,0.029086,0.022543,0.018197,0.015055,0.016188,0.018993,0.019136,0.020042,0.018811,0.017842,0.018616,0.016413,0.013412,0.01758,0.017977,0.022156,0.038416,0.039881,0.043052,0.034059,0.020945,0.015369,0.013718,0.011441,0.011797,0.015097,0.01787,0.018069,0.019198,0.020268,0.019662,0.020884,0.023019,0.02168,0.020769,0.019503,0.015444,0.01441,0.014205,0.011817,0.013023,0.013472,0.012691,0.013287,0.014939,0.015255,0.01507,0.013897,0.012302,0.011893,0.010662,0.009959,0.009669,0.009653,0.009446,0.010694,0.01228,0.012654,0.010912,0.00779,0.007707,0.010601,0.012894,0.01545,0.016996,0.015515,0.013465,0.014539,0.013183,0.011623,0.013508,0.017294,0.021392,0.025334,0.026993,0.02778,0.028237,0.027463,0.029685,0.033014,0.031311,0.02935,0.027625,0.024852,0.022129,0.018444,0.016184,0.015164,0.013269,0.011769,0.011344,0.008534,0.005324,0.004359,0.004609,0.004446,0.004927,0.005299,0.004914,0.004157,0.003426,0.003288,0.0033,0.002839,0.002191,0.001762,0.001354,0.001055,0.000906,0.000707,0.000455,0.000235,0.000112
m20260421153956,"0.25"" [1 with glue]",0.124018,0.120561,0.064414,0.087022,0.081164,0.054864,0.068183,0.085908,0.086616,0.078545,0.050917,0.031708,0.025607,0.022805,0.028622,0.038166,0.041,0.03594,0.04191,0.103178,0.149033,0.092732,0.044959,0.049928,0.078915,0.0835,0.057424,0.040991,0.032195,0.030016,0.028217,0.026882,0.025981,0.025578,0.026532,0.029068,0.037643,0.043723,0.040256,0.036833,0.034522,0.033915,0.03464,0.035938,0.038365,0.040802,0.041732,0.042578,0.042423,0.042432,0.041997,0.042895,0.044798,0.043912,0.042325,0.040487,0.041235,0.045099,0.048569,0.055548,0.063717,0.065732,0.059307,0.06195,0.071773,0.068351,0.070022,0.069155,0.07221,0.070349,0.065276,0.066222,0.058377,0.056722,0.055857,0.054822,0.056523,0.056301,0.058221,0.05946,0.05917,0.06053,0.059051,0.056881,0.055174,0.052224,0.050258,0.047899,0.043568,0.038717,0.034035,0.030073,0.030593,0.030207,0.025682,0.024738,0.024928,0.023065,0.022247,0.019296,0.013425,0.014996,0.016879,0.021494,0.026419,0.027269,0.029848,0.029864,0.025734,0.023599,0.021931,0.019924,0.021019,0.022072,0.021555,0.021992,0.021373,0.019804,0.018016,0.016601,0.015251,0.0146,0.013227,0.01281,0.014136,0.015124,0.016062,0.017213,0.017294,0.016941,0.016118,0.014557,0.012754,0.011233,0.011521,0.013134,0.01488,0.016029,0.017027,0.016453,0.015172,0.016791,0.017013,0.015766,0.015041,0.013353,0.0119,0.010727,0.009252,0.007895,0.007257,0.006628,0.005985,0.005256,0.004246,0.00322,0.00235,0.00152,0.000803,0.000132
m20260421154045,"0.25"" [2 with glue]",0.133246,0.175619,0.109569,0.105598,0.111224,0.087003,0.080232,0.072701,0.053282,0.042249,0.038355,0.04712,0.052118,0.051248,0.043814,0.047128,0.051402,0.057734,0.056644,0.058511,0.089006,0.038372,0.039079,0.036823,0.03679,0.031879,0.02747,0.028743,0.027871,0.029218,0.031287,0.033073,0.034919,0.036476,0.037353,0.036248,0.037099,0.033493,0.028245,0.027401,0.026369,0.026635,0.027502,0.025738,0.025083,0.02683,0.028788,0.033887,0.039001,0.040145,0.040758,0.040365,0.039602,0.039405,0.040063,0.043108,0.045341,0.04491,0.045608,0.04869,0.046803,0.04656,0.053399,0.056958,0.047384,0.055567,0.072292,0.069184,0.075109,0.073844,0.072681,0.071751,0.064975,0.057664,0.054339,0.050767,0.050647,0.049949,0.045933,0.04609,0.042294,0.039051,0.039696,0.036835,0.033916,0.03476,0.036592,0.037461,0.038699,0.039096,0.039652,0.041602,0.041607,0.040433,0.039032,0.038155,0.03867,0.038876,0.035387,0.031318,0.027846,0.024506,0.022608,0.020443,0.019239,0.018309,0.018075,0.018625,0.019032,0.019731,0.020142,0.02189,0.023693,0.024765,0.025551,0.025817,0.025432,0.024618,0.023487,0.022139,0.022359,0.023537,0.025434,0.027485,0.029799,0.033365,0.034448,0.034951,0.036004,0.034818,0.033478,0.031792,0.029777,0.027266,0.026029,0.024177,0.020913,0.018901,0.016896,0.015409,0.013939,0.012251,0.011169,0.010881,0.010714,0.010484,0.010286,0.009551,0.008783,0.008228,0.007681,0.007401,0.00681,0.006126,0.005335,0.004154,0.003132,0.002093,0.001064,0.000183
m20260421154129,"0.25"" [3 with glue]",0.145861,0.198158,0.136644,0.134682,0.138371,0.113326,0.104404,0.092786,0.072883,0.062198,0.065799,0.076203,0.076966,0.073381,0.062895,0.060105,0.063371,0.07983,0.084978,0.04522,0.084892,0.03915,0.048732,0.045569,0.029835,0.026411,0.019867,0.026394,0.027643,0.030412,0.030787,0.032788,0.038368,0.037305,0.034918,0.032621,0.021888,0.021008,0.018086,0.016536,0.018893,0.020208,0.021602,0.022838,0.025027,0.027188,0.027701,0.029744,0.031658,0.030695,0.029611,0.02713,0.026899,0.028846,0.029857,0.031393,0.030713,0.033959,0.033459,0.033556,0.040493,0.050254,0.055584,0.056775,0.062692,0.075294,0.07378,0.083145,0.088395,0.086782,0.08812,0.082247,0.073549,0.065838,0.057976,0.053919,0.051737,0.051762,0.047887,0.048353,0.047631,0.045381,0.045783,0.045014,0.04401,0.044658,0.045237,0.044863,0.044899,0.043962,0.040615,0.03974,0.039336,0.037442,0.037522,0.036297,0.037526,0.038538,0.035255,0.03157,0.031265,0.029218,0.025213,0.024046,0.020967,0.020058,0.020571,0.018953,0.01763,0.016484,0.016978,0.01934,0.022144,0.025298,0.027385,0.028227,0.029165,0.029669,0.029009,0.028429,0.028435,0.028619,0.029719,0.032569,0.034961,0.037198,0.039723,0.039764,0.039004,0.037167,0.033395,0.030256,0.027818,0.025067,0.02219,0.020146,0.01795,0.01588,0.014578,0.01391,0.013437,0.01255,0.011173,0.010921,0.011143,0.01055,0.010436,0.010045,0.009501,0.009147,0.008653,0.00848,0.007875,0.00701,0.006235,0.005182,0.003963,0.002721,0.001515,0.000214
m20260421154227,"0.25"" [4 with glue]",0.129302,0.198429,0.138538,0.123206,0.130755,0.110199,0.094444,0.073954,0.049134,0.044061,0.055066,0.069935,0.070296,0.069899,0.061411,0.051464,0.053717,0.071207,0.081317,0.046499,0.060367,0.03473,0.039624,0.041237,0.024245,0.027217,0.030335,0.033143,0.033549,0.03262,0.031596,0.029605,0.03078,0.031475,0.032055,0.03334,0.026092,0.02719,0.027367,0.025862,0.023909,0.02182,0.021659,0.021544,0.02322,0.025991,0.028079,0.030313,0.031598,0.031226,0.030652,0.029844,0.028586,0.028692,0.030119,0.030705,0.03281,0.035325,0.036862,0.040524,0.045597,0.049394,0.04994,0.050152,0.04814,0.0539,0.047674,0.053158,0.052929,0.052147,0.052238,0.050529,0.048566,0.045176,0.04232,0.041566,0.04105,0.042335,0.043907,0.042442,0.041455,0.040492,0.040956,0.041196,0.041038,0.042527,0.043979,0.045926,0.046802,0.045849,0.043524,0.042847,0.041425,0.040025,0.039488,0.036873,0.036129,0.033777,0.028687,0.023111,0.021545,0.020786,0.020045,0.020729,0.017853,0.018435,0.018124,0.015986,0.015625,0.014524,0.015324,0.016889,0.017954,0.01958,0.021235,0.022524,0.024063,0.025463,0.025551,0.024721,0.024724,0.024314,0.023655,0.024408,0.026566,0.02937,0.03156,0.033054,0.033325,0.031917,0.030125,0.028775,0.026835,0.025607,0.024595,0.023218,0.022914,0.020794,0.018976,0.018396,0.017435,0.016861,0.015127,0.0132,0.012635,0.011585,0.010527,0.010168,0.009044,0.00819,0.00785,0.007118,0.006749,0.006315,0.005311,0.004513,0.003587,0.0024,0.001406,0.000288
m20260421154307,"0.25"" [5 with glue]",0.148844,0.196644,0.12736,0.113946,0.117929,0.094781,0.075781,0.058916,0.040617,0.042782,0.055426,0.063712,0.060765,0.060959,0.05284,0.047778,0.053862,0.072792,0.075644,0.037967,0.056559,0.024182,0.04847,0.046188,0.023254,0.022176,0.020449,0.02578,0.02688,0.02608,0.02828,0.029758,0.032841,0.032459,0.032956,0.034576,0.02149,0.01514,0.015624,0.01732,0.016658,0.016413,0.016448,0.014261,0.015151,0.019267,0.023563,0.026446,0.026472,0.025331,0.026044,0.024391,0.022678,0.022188,0.020345,0.018011,0.020583,0.019834,0.017655,0.021004,0.026139,0.029125,0.029985,0.034843,0.041798,0.050587,0.045562,0.050329,0.053257,0.048914,0.056009,0.053995,0.049216,0.050638,0.047804,0.045886,0.044582,0.045059,0.048785,0.050754,0.050778,0.0519,0.052212,0.05116,0.050031,0.04967,0.050057,0.050555,0.050495,0.048733,0.045304,0.042974,0.040829,0.039785,0.03814,0.033034,0.032504,0.030359,0.024599,0.022247,0.023867,0.024614,0.022701,0.021867,0.019376,0.018008,0.016764,0.014803,0.013317,0.013949,0.016151,0.020058,0.023986,0.026018,0.027812,0.028368,0.027483,0.027785,0.027172,0.025174,0.024064,0.023255,0.02239,0.023208,0.024628,0.026044,0.027947,0.029144,0.0308,0.031147,0.03045,0.030764,0.030018,0.028722,0.028285,0.025695,0.022331,0.021051,0.019213,0.016976,0.01495,0.012619,0.011314,0.010442,0.009888,0.00998,0.009705,0.009341,0.009159,0.008839,0.008491,0.007983,0.007402,0.00677,0.005911,0.004993,0.003882,0.002594,0.001411,0.000274
m20260421154908,noise background measured,0.14663,0.203721,0.144537,0.136084,0.139593,0.118087,0.106018,0.08832,0.058558,0.046429,0.048776,0.066868,0.071572,0.073802,0.065913,0.054282,0.057267,0.081267,0.102582,0.045737,0.05943,0.038918,0.036531,0.046061,0.034778,0.041656,0.040492,0.0422,0.043292,0.040329,0.039664,0.037488,0.039476,0.037044,0.027777,0.025333,0.023718,0.032304,0.030031,0.028534,0.026776,0.025398,0.025292,0.024411,0.025632,0.028506,0.031213,0.033517,0.032496,0.033255,0.034051,0.029574,0.027524,0.02816,0.027047,0.029866,0.034468,0.033658,0.038074,0.042162,0.04139,0.04169,0.044204,0.051292,0.052656,0.054531,0.056499,0.054222,0.059415,0.060176,0.065896,0.071756,0.069161,0.066727,0.064012,0.063308,0.062811,0.063248,0.062076,0.05882,0.056028,0.051285,0.04585,0.041185,0.036628,0.033152,0.031873,0.029299,0.028046,0.027923,0.027702,0.028525,0.028422,0.027381,0.027234,0.02863,0.032726,0.032504,0.029356,0.030658,0.028563,0.027726,0.027944,0.025987,0.023195,0.024877,0.023417,0.022406,0.020518,0.01819,0.021375,0.021448,0.021716,0.023504,0.02262,0.021595,0.021407,0.020901,0.020363,0.02055,0.020593,0.020381,0.020453,0.02008,0.019944,0.021361,0.02416,0.026162,0.027356,0.028065,0.027838,0.027281,0.027727,0.027964,0.027885,0.0279,0.025987,0.023395,0.022089,0.020838,0.019513,0.017874,0.016594,0.015807,0.014434,0.01294,0.011898,0.010856,0.010241,0.009962,0.009321,0.008612,0.007926,0.006774,0.005725,0.004682,0.003677,0.002687,0.001454,0.000419
m20260421155532,"0.25"" [1 new motor control]",0.156479,0.182482,0.133538,0.121061,0.140329,0.162511,0.178356,0.162861,0.096699,0.059672,0.070262,0.074214,0.067994,0.071357,0.080313,0.09293,0.096895,0.094098,0.088507,0.12864,0.132722,0.062508,0.058626,0.043505,0.043635,0.054646,0.060942,0.065792,0.063132,0.058735,0.061512,0.063122,0.057689,0.048701,0.034878,0.043142,0.053486,0.047881,0.045579,0.044417,0.043749,0.047058,0.049538,0.048593,0.048668,0.048932,0.048051,0.046347,0.045777,0.041728,0.035586,0.031494,0.031365,0.037743,0.039471,0.042326,0.051489,0.058219,0.057015,0.060266,0.064466,0.061939,0.057555,0.058305,0.069372,0.096424,0.107224,0.117164,0.127716,0.13275,0.135876,0.132443,0.119944,0.108353,0.10043,0.099356,0.097964,0.092175,0.086483,0.0767,0.065642,0.05686,0.048437,0.043412,0.040482,0.036837,0.034795,0.033901,0.035923,0.042502,0.045523,0.046107,0.047881,0.046744,0.04211,0.038499,0.03538,0.033325,0.034799,0.037042,0.03768,0.033851,0.028685,0.025028,0.028376,0.034863,0.040034,0.04831,0.051315,0.049856,0.047301,0.04316,0.039895,0.038754,0.03754,0.03485,0.032022,0.028696,0.024608,0.022348,0.0214,0.021716,0.022396,0.022901,0.02456,0.026568,0.028106,0.02826,0.028207,0.028547,0.026665,0.024492,0.02405,0.023121,0.021241,0.019618,0.017371,0.015386,0.013925,0.012432,0.011012,0.010022,0.009378,0.008774,0.009329,0.010092,0.010147,0.00979,0.009255,0.008033,0.006849,0.006294,0.005745,0.004921,0.004411,0.003947,0.0031,0.002166,0.001328,0.000408
m20260421155854,"0.25"" [2 new motor controls]",0.157217,0.189326,0.140776,0.128283,0.144424,0.158364,0.177352,0.162862,0.103706,0.064811,0.074099,0.077937,0.068099,0.072765,0.076234,0.082245,0.090626,0.100756,0.102181,0.124103,0.120593,0.060921,0.05694,0.048696,0.047066,0.051341,0.050253,0.053904,0.052529,0.05205,0.058314,0.057615,0.051726,0.050603,0.04533,0.046458,0.059105,0.049062,0.041344,0.036806,0.035028,0.037313,0.041437,0.04356,0.043999,0.042323,0.040059,0.042362,0.041819,0.038499,0.03688,0.033589,0.030847,0.030568,0.033879,0.035104,0.037646,0.041997,0.04255,0.044624,0.051973,0.061025,0.06734,0.067992,0.070054,0.064201,0.070772,0.088117,0.101182,0.122995,0.135593,0.138069,0.132898,0.122624,0.117809,0.115171,0.111017,0.10491,0.095307,0.084653,0.073729,0.065244,0.056635,0.051052,0.046725,0.039064,0.033977,0.032076,0.030351,0.030008,0.03018,0.031687,0.032985,0.03415,0.034356,0.032426,0.033079,0.039174,0.040371,0.039779,0.04167,0.039337,0.035207,0.033353,0.032097,0.033654,0.036761,0.043773,0.047287,0.04856,0.04765,0.044712,0.043206,0.041979,0.039754,0.03774,0.035959,0.03256,0.027954,0.024824,0.022963,0.020811,0.01962,0.020519,0.021041,0.02053,0.022461,0.023618,0.021542,0.021675,0.023276,0.022856,0.02325,0.023956,0.023513,0.023133,0.023405,0.023439,0.022288,0.021576,0.020022,0.018016,0.017594,0.017751,0.01699,0.016084,0.015028,0.013607,0.012326,0.011278,0.010176,0.00903,0.007951,0.00666,0.005068,0.00372,0.002737,0.001766,0.000853,0.000292
m20260421160138,"0.25"" [3 motor control]",0.171952,0.170923,0.11694,0.112753,0.127181,0.145258,0.167326,0.156989,0.104336,0.073355,0.070725,0.07123,0.063981,0.068816,0.076937,0.082669,0.091162,0.099068,0.101572,0.130578,0.1333,0.067622,0.062514,0.055161,0.051054,0.052184,0.047672,0.049044,0.053354,0.054409,0.05891,0.059716,0.052195,0.039726,0.040478,0.057021,0.07073,0.065913,0.062377,0.060158,0.056356,0.053656,0.051459,0.048647,0.046511,0.047457,0.047934,0.048799,0.047236,0.04518,0.040939,0.034173,0.032081,0.037293,0.043262,0.046357,0.053593,0.060741,0.058718,0.056365,0.059781,0.063093,0.066854,0.076401,0.086372,0.085044,0.087066,0.096843,0.103436,0.117295,0.11811,0.115128,0.109147,0.098023,0.094231,0.093622,0.09305,0.090727,0.082044,0.070891,0.060443,0.048679,0.040623,0.035091,0.030975,0.027022,0.024705,0.027751,0.034185,0.039768,0.04259,0.046177,0.047222,0.045879,0.045563,0.044228,0.042136,0.039039,0.034857,0.037242,0.041653,0.036978,0.031281,0.026397,0.027709,0.035131,0.044384,0.055277,0.062608,0.061362,0.055793,0.050378,0.044898,0.037634,0.032318,0.029133,0.025845,0.023544,0.021933,0.019834,0.018895,0.020204,0.023219,0.025486,0.02755,0.029794,0.031424,0.031489,0.029905,0.02872,0.027024,0.025266,0.025375,0.025908,0.025709,0.025043,0.023504,0.021356,0.019516,0.017675,0.015159,0.012325,0.010211,0.009474,0.009094,0.008882,0.008626,0.008029,0.007298,0.006813,0.006505,0.006039,0.005727,0.005602,0.005277,0.004668,0.003861,0.002783,0.001553,0.000352
m20260421160213,"0.25"" [4 motor control]",0.187986,0.214335,0.163802,0.143368,0.153179,0.173487,0.201287,0.182767,0.115818,0.06796,0.073193,0.080172,0.078802,0.079551,0.084638,0.089447,0.096871,0.119299,0.124886,0.105588,0.091803,0.061016,0.051566,0.048845,0.046285,0.053479,0.056951,0.055827,0.056352,0.059251,0.064274,0.065049,0.062217,0.053904,0.040405,0.053091,0.063187,0.056331,0.049985,0.043814,0.039564,0.039668,0.039271,0.040743,0.043909,0.045039,0.043403,0.039813,0.035506,0.033416,0.034653,0.031077,0.029146,0.032779,0.03368,0.033894,0.038472,0.035429,0.037412,0.043857,0.049622,0.05523,0.062524,0.07345,0.084137,0.099816,0.116426,0.125413,0.134158,0.137509,0.133253,0.125399,0.109769,0.094929,0.088616,0.084402,0.082904,0.081023,0.074345,0.067677,0.06077,0.052224,0.045487,0.041447,0.038527,0.034511,0.032008,0.033934,0.03597,0.039569,0.043521,0.042922,0.039855,0.03769,0.037151,0.037733,0.039233,0.043981,0.049244,0.052924,0.056701,0.059303,0.05106,0.039613,0.029571,0.024872,0.027078,0.02991,0.039369,0.042148,0.041382,0.041162,0.038351,0.037649,0.036982,0.034223,0.030649,0.026393,0.022396,0.018969,0.017437,0.019402,0.021927,0.023989,0.026026,0.028903,0.032506,0.033513,0.034117,0.035212,0.033786,0.032555,0.031568,0.03008,0.027848,0.024012,0.020106,0.017819,0.01576,0.015122,0.014552,0.01352,0.013007,0.01326,0.014387,0.015203,0.015049,0.014517,0.013663,0.0126,0.011466,0.010028,0.008261,0.006454,0.00478,0.003267,0.002134,0.001234,0.000624,0.000217
m20260421160248,"0.25"" [5 motor control]",0.108673,0.101329,0.071844,0.080798,0.100647,0.107803,0.133897,0.137693,0.09282,0.057812,0.050579,0.041816,0.040624,0.04276,0.046809,0.059058,0.069613,0.08822,0.084475,0.110054,0.129538,0.066639,0.0484,0.054291,0.049743,0.043236,0.040638,0.042702,0.041339,0.042953,0.047483,0.05152,0.048656,0.037908,0.037035,0.058494,0.071607,0.059943,0.050356,0.048394,0.045917,0.042102,0.045068,0.048571,0.04951,0.047036,0.042394,0.04378,0.047729,0.046757,0.041885,0.039471,0.03884,0.038574,0.038777,0.037866,0.037622,0.037903,0.043276,0.04663,0.051325,0.057776,0.063215,0.065378,0.067323,0.092894,0.116072,0.125849,0.138742,0.141584,0.137368,0.126358,0.111482,0.098935,0.091977,0.088208,0.085459,0.083507,0.07615,0.067102,0.058343,0.049874,0.042036,0.036119,0.032334,0.026923,0.021795,0.019937,0.020568,0.024306,0.02748,0.029573,0.031014,0.034236,0.036308,0.036499,0.040557,0.048131,0.057052,0.06398,0.065842,0.062822,0.051519,0.039558,0.032056,0.030315,0.03612,0.043582,0.04811,0.047863,0.044452,0.039926,0.035582,0.033711,0.033515,0.032963,0.030522,0.027906,0.024849,0.021793,0.020386,0.020198,0.02039,0.021636,0.023018,0.025632,0.027521,0.028344,0.028559,0.027033,0.025341,0.024991,0.025111,0.024138,0.022801,0.021275,0.019682,0.018374,0.017355,0.016161,0.015906,0.015993,0.01532,0.014425,0.014035,0.013986,0.014363,0.014519,0.013522,0.012428,0.011574,0.010342,0.008755,0.007113,0.005407,0.003888,0.002732,0.001717,0.000834,0.000232
m20260421160329,"0.25"" [6 motor control]",0.167462,0.217524,0.162038,0.14239,0.154612,0.164804,0.179123,0.162243,0.107022,0.072252,0.080188,0.089931,0.084869,0.089862,0.09638,0.102023,0.108622,0.117396,0.105402,0.107375,0.09283,0.044325,0.060342,0.053526,0.041527,0.052376,0.053703,0.05589,0.05361,0.047801,0.050148,0.052884,0.052335,0.044243,0.028462,0.037537,0.046337,0.042375,0.038691,0.035481,0.032376,0.031817,0.034982,0.039395,0.041724,0.042636,0.043002,0.038537,0.035546,0.034879,0.02935,0.026366,0.026889,0.029637,0.033295,0.036894,0.039305,0.042926,0.047482,0.04882,0.050275,0.055368,0.053889,0.047755,0.046462,0.068678,0.082229,0.094294,0.116047,0.118927,0.12842,0.131108,0.113132,0.10398,0.098192,0.09526,0.096386,0.091682,0.086487,0.080096,0.070586,0.063637,0.058693,0.053585,0.048451,0.043984,0.039663,0.037533,0.038049,0.038243,0.037696,0.036123,0.034269,0.032162,0.027701,0.024536,0.027455,0.033703,0.03652,0.043989,0.047401,0.040444,0.033816,0.026312,0.020824,0.021308,0.032579,0.043628,0.050368,0.05502,0.055263,0.053156,0.051353,0.050549,0.050304,0.048488,0.046199,0.043501,0.038418,0.033672,0.030528,0.029308,0.029961,0.031279,0.032338,0.031299,0.030253,0.029396,0.027554,0.026323,0.026189,0.026024,0.024816,0.023571,0.023061,0.020756,0.018637,0.017263,0.015089,0.014447,0.014289,0.013522,0.011962,0.010322,0.009319,0.008368,0.006978,0.006076,0.005459,0.00543,0.005922,0.006192,0.006429,0.006298,0.005796,0.005008,0.003972,0.002797,0.001532,0.000383
m20260421160522,"0.25"" [added extra mass on the plate]",0.062301,0.05982,0.053968,0.09781,0.112459,0.131061,0.16272,0.154296,0.110543,0.066531,0.047341,0.049124,0.050833,0.05198,0.055906,0.060351,0.065932,0.064802,0.060448,0.056316,0.046231,0.051575,0.061101,0.054997,0.04158,0.030835,0.038325,0.050374,0.053715,0.062663,0.061303,0.054224,0.057541,0.061253,0.050592,0.035189,0.031158,0.037414,0.036237,0.034339,0.034708,0.033316,0.035628,0.04127,0.045775,0.052587,0.055598,0.0531,0.049149,0.0491,0.049445,0.046619,0.039591,0.035574,0.035338,0.036227,0.037761,0.042513,0.045617,0.049105,0.055066,0.054694,0.052584,0.050054,0.055005,0.072891,0.081543,0.076945,0.078891,0.089737,0.103846,0.109512,0.108672,0.113446,0.121062,0.133631,0.146982,0.13919,0.112461,0.083773,0.06166,0.050538,0.046927,0.045744,0.043215,0.04184,0.040769,0.040952,0.040097,0.037446,0.03566,0.034187,0.030209,0.027817,0.028975,0.033882,0.037505,0.036629,0.038012,0.041967,0.042324,0.045089,0.047217,0.043083,0.040184,0.041002,0.042366,0.04238,0.039815,0.035136,0.029699,0.024162,0.020877,0.019978,0.019033,0.017178,0.015793,0.015596,0.016291,0.016997,0.018179,0.019192,0.021776,0.02462,0.02669,0.02802,0.028555,0.027863,0.027231,0.025798,0.023666,0.022109,0.020485,0.018933,0.01881,0.020371,0.021114,0.021393,0.020954,0.019249,0.017672,0.016876,0.015981,0.014379,0.013418,0.013876,0.014429,0.014302,0.013581,0.012473,0.011054,0.009979,0.008701,0.007248,0.006171,0.004962,0.003856,0.002688,0.001334,0.000319
m20260421161447,"0.25"" [7 motor control]",0.102705,0.123757,0.094333,0.093602,0.122268,0.115694,0.109765,0.109099,0.077407,0.049408,0.038026,0.048194,0.055426,0.059896,0.061893,0.067696,0.077793,0.101193,0.110314,0.070967,0.061127,0.043842,0.043539,0.06417,0.066278,0.055684,0.045645,0.048571,0.050333,0.048286,0.047222,0.043192,0.038667,0.036585,0.037895,0.055739,0.072757,0.065224,0.057683,0.05508,0.051414,0.048943,0.048237,0.047411,0.042575,0.036113,0.033932,0.03289,0.031079,0.030854,0.033741,0.033465,0.030939,0.029936,0.030874,0.029946,0.029458,0.026149,0.030572,0.03748,0.043173,0.048392,0.056665,0.059495,0.072061,0.088635,0.106695,0.119007,0.119783,0.123194,0.118891,0.106397,0.087752,0.078955,0.073214,0.069657,0.06994,0.068432,0.065724,0.060699,0.056596,0.051394,0.046413,0.041282,0.036015,0.030293,0.026298,0.024315,0.02348,0.024405,0.025223,0.025541,0.025491,0.024992,0.026974,0.031788,0.032694,0.033112,0.03535,0.042466,0.050356,0.05071,0.045599,0.041755,0.031958,0.026127,0.026507,0.028337,0.033888,0.032726,0.031742,0.031629,0.03027,0.027312,0.025807,0.023601,0.018863,0.016009,0.01407,0.012087,0.011658,0.012782,0.014067,0.016499,0.02074,0.02373,0.025646,0.02824,0.027895,0.025864,0.026283,0.027567,0.02787,0.026473,0.024688,0.023143,0.021533,0.020563,0.020101,0.019832,0.018773,0.017608,0.017429,0.01783,0.018049,0.018137,0.017799,0.017095,0.016065,0.014556,0.012951,0.011546,0.00998,0.008162,0.006506,0.00498,0.003455,0.002196,0.001088,0.000133
m20260421161724,qual test motor,0.131297,0.189678,0.140795,0.117031,0.149625,0.154107,0.145491,0.13489,0.094475,0.060947,0.053179,0.061132,0.06778,0.070187,0.077199,0.0837,0.093975,0.101589,0.096213,0.091708,0.09517,0.071509,0.057273,0.049741,0.040199,0.047708,0.052375,0.049974,0.049417,0.046903,0.045793,0.043844,0.040324,0.037952,0.028161,0.036221,0.045716,0.044122,0.039713,0.034782,0.031429,0.032106,0.034742,0.036205,0.037368,0.036714,0.033796,0.030165,0.030137,0.032748,0.030588,0.027505,0.025825,0.026882,0.028564,0.028404,0.030193,0.032081,0.036821,0.042273,0.050023,0.055368,0.0528,0.048101,0.066655,0.089029,0.097482,0.11217,0.121165,0.128585,0.129942,0.113931,0.095677,0.083999,0.076731,0.073029,0.072428,0.069836,0.064901,0.059751,0.053897,0.046928,0.04062,0.036206,0.032907,0.03006,0.028279,0.029073,0.031632,0.034935,0.036981,0.035746,0.033651,0.031571,0.029341,0.029465,0.033967,0.043203,0.050736,0.056065,0.059386,0.056861,0.049361,0.038157,0.027992,0.022124,0.021756,0.026202,0.03083,0.033423,0.03386,0.034733,0.03631,0.034882,0.031718,0.029389,0.025551,0.020866,0.017551,0.015775,0.015728,0.017725,0.019703,0.021854,0.0248,0.026906,0.028489,0.030578,0.031308,0.030419,0.030707,0.03202,0.032267,0.03174,0.030152,0.026982,0.023958,0.021339,0.01903,0.016928,0.015591,0.014856,0.01412,0.013564,0.014088,0.014785,0.014479,0.013615,0.012624,0.011242,0.009919,0.008718,0.007239,0.005638,0.004308,0.003247,0.002297,0.001537,0.000798,0.000266
m20260421180411,0.25'' (new motor control),0.385751,0.369481,0.108774,0.126148,0.046442,0.051052,0.058617,0.097284,0.084508,0.044482,0.025783,0.036693,0.054146,0.068564,0.056564,0.038654,0.032191,0.095256,0.131066,0.129054,0.145657,0.101572,0.091553,0.094862,0.093152,0.088889,0.084777,0.061429,0.046984,0.046808,0.039787,0.034086,0.041671,0.07065,0.081651,0.062181,0.043884,0.037167,0.031792,0.018934,0.018909,0.016712,0.018863,0.016518,0.015363,0.019192,0.02183,0.019155,0.027681,0.026898,0.036869,0.047283,0.052549,0.050115,0.049562,0.045403,0.047287,0.047312,0.044353,0.05036,0.057331,0.051602,0.037992,0.029871,0.017041,0.052175,0.085733,0.120052,0.108788,0.075183,0.0589,0.052283,0.048813,0.050102,0.055294,0.056217,0.05207,0.046921,0.046333,0.045517,0.043813,0.039235,0.035576,0.036553,0.03941,0.038078,0.03633,0.033527,0.031349,0.030931,0.032911,0.035583,0.038284,0.038471,0.038324,0.035721,0.029313,0.020364,0.01963,0.028065,0.035712,0.037182,0.039131,0.044828,0.046677,0.043392,0.037112,0.029629,0.02262,0.020965,0.022357,0.023034,0.023448,0.02173,0.021109,0.018586,0.016764,0.015995,0.01637,0.013524,0.011265,0.009993,0.009607,0.010107,0.012422,0.014442,0.011786,0.008885,0.01004,0.012093,0.013456,0.014226,0.015285,0.017285,0.019808,0.02263,0.023156,0.021375,0.018715,0.015067,0.012191,0.009372,0.006452,0.004904,0.005668,0.006101,0.006048,0.006059,0.005554,0.005184,0.005591,0.005501,0.004904,0.003798,0.002664,0.002062,0.001841,0.001535,0.000959,0.000361
m20260421180731,0.25'' (new motor control),0.24087,0.248448,0.087118,0.094308,0.061155,0.046573,0.062663,0.059652,0.033752,0.040969,0.048184,0.048313,0.051658,0.05051,0.0484,0.040986,0.039515,0.066151,0.077443,0.096333,0.12059,0.068182,0.042195,0.038563,0.038173,0.034462,0.037151,0.040126,0.035614,0.036582,0.03345,0.0316,0.031844,0.032716,0.036913,0.030355,0.02531,0.024613,0.01938,0.023227,0.026981,0.029736,0.035232,0.037521,0.040797,0.042045,0.033739,0.028667,0.02666,0.027895,0.026189,0.025325,0.028448,0.031426,0.029734,0.028418,0.024854,0.021966,0.024151,0.021488,0.019675,0.019994,0.020163,0.021941,0.031424,0.046595,0.057456,0.074176,0.07496,0.0694,0.064981,0.062048,0.056731,0.054559,0.052512,0.048825,0.046302,0.0392,0.034982,0.033027,0.036152,0.034703,0.032647,0.031441,0.026408,0.023025,0.020549,0.019624,0.01634,0.016522,0.015108,0.014582,0.013947,0.012541,0.00946,0.008629,0.008343,0.011975,0.013516,0.020471,0.022502,0.022524,0.022684,0.022644,0.020139,0.021277,0.019344,0.019263,0.019117,0.017629,0.014138,0.012254,0.01309,0.012561,0.014365,0.016057,0.015225,0.013676,0.012874,0.014984,0.014604,0.015115,0.01386,0.012716,0.015138,0.013091,0.015227,0.015156,0.015306,0.015324,0.015479,0.015832,0.015383,0.014884,0.014835,0.013215,0.013134,0.013335,0.013153,0.012021,0.011714,0.01066,0.010129,0.008197,0.007049,0.006158,0.005541,0.005223,0.005395,0.005219,0.004695,0.004387,0.003774,0.003065,0.002546,0.002236,0.001813,0.00134,0.000747,0.000355
m20260421183259,0.25'' (new motor control),0.234453,0.221882,0.075445,0.078758,0.099467,0.051521,0.077838,0.07493,0.032587,0.038288,0.034267,0.034109,0.031086,0.035021,0.018226,0.016217,0.035268,0.077709,0.10247,0.118724,0.12604,0.05828,0.032081,0.022302,0.017773,0.020662,0.019439,0.027146,0.023278,0.021014,0.021088,0.017261,0.020671,0.023191,0.026533,0.019599,0.015582,0.017449,0.016508,0.020609,0.013639,0.012433,0.011477,0.012405,0.015163,0.014091,0.014777,0.017031,0.018563,0.017425,0.017131,0.022157,0.019485,0.015959,0.016344,0.014729,0.017798,0.021769,0.019781,0.023824,0.025363,0.028887,0.035361,0.045916,0.036256,0.024357,0.023206,0.04314,0.050734,0.036509,0.030714,0.026406,0.024591,0.025798,0.028765,0.030521,0.029771,0.029757,0.028905,0.03163,0.030598,0.026106,0.022472,0.019802,0.016309,0.016981,0.015959,0.016079,0.012076,0.012541,0.013572,0.013726,0.012161,0.009786,0.007574,0.007562,0.006809,0.006413,0.007965,0.011957,0.015676,0.021621,0.024887,0.023174,0.02421,0.023033,0.022288,0.020572,0.021671,0.022083,0.020392,0.01786,0.014171,0.011186,0.010593,0.008958,0.007813,0.00782,0.009045,0.01009,0.010063,0.009034,0.009316,0.011185,0.012981,0.014011,0.012518,0.010806,0.010162,0.009199,0.008426,0.008206,0.007686,0.007483,0.00699,0.006557,0.006683,0.006073,0.006253,0.007184,0.006687,0.006267,0.006069,0.004687,0.00315,0.002532,0.00265,0.00364,0.004434,0.00497,0.00474,0.004107,0.003606,0.003191,0.002583,0.00211,0.00153,0.001087,0.000626,0.00042
m20260421184330,0.25'' (new motor control),0.245351,0.241438,0.086015,0.080112,0.081854,0.080986,0.106628,0.091277,0.052446,0.049051,0.046575,0.054699,0.053162,0.052538,0.041885,0.04101,0.042037,0.073817,0.087155,0.100813,0.124794,0.070561,0.0399,0.028273,0.022054,0.017233,0.01656,0.018944,0.0193,0.017665,0.019576,0.020301,0.018503,0.019867,0.028918,0.027334,0.020533,0.018559,0.011996,0.011629,0.016964,0.016827,0.019003,0.018254,0.020657,0.021609,0.015119,0.015416,0.016475,0.014555,0.014554,0.016091,0.019302,0.017671,0.016718,0.013017,0.014416,0.016737,0.017579,0.02381,0.026938,0.03406,0.039403,0.043745,0.042965,0.048841,0.059684,0.07671,0.066955,0.054955,0.043714,0.04195,0.031838,0.031638,0.029498,0.029086,0.028012,0.024186,0.024474,0.028586,0.033531,0.031738,0.02924,0.027833,0.025664,0.024567,0.024505,0.021102,0.019452,0.02218,0.022841,0.02446,0.022839,0.021461,0.021195,0.022045,0.023787,0.027936,0.030758,0.03541,0.037496,0.038145,0.031681,0.02605,0.020756,0.020942,0.023585,0.022662,0.019895,0.01649,0.012522,0.009784,0.010642,0.012873,0.014076,0.014819,0.014536,0.015888,0.015985,0.015971,0.015827,0.016804,0.016146,0.014916,0.014702,0.016115,0.015653,0.015086,0.013762,0.016187,0.016928,0.018031,0.016658,0.016886,0.017074,0.016991,0.014452,0.015708,0.014786,0.013377,0.011872,0.009784,0.009153,0.00836,0.007164,0.006541,0.006084,0.005714,0.005059,0.005527,0.005684,0.004967,0.004314,0.004271,0.00348,0.00254,0.001662,0.001402,0.001076,0.001032
m20260421193719,1/4 trial 1,0.196764,0.196721,0.06322,0.049244,0.049672,0.048465,0.038694,0.025516,0.04393,0.041374,0.02326,0.018951,0.028114,0.027406,0.023237,0.02448,0.027327,0.051309,0.063337,0.079545,0.095463,0.063124,0.022417,0.023732,0.028221,0.029891,0.021035,0.024509,0.02326,0.02362,0.022506,0.02848,0.033455,0.037297,0.024496,0.021105,0.015392,0.019684,0.019952,0.022535,0.018666,0.01771,0.020285,0.021795,0.025114,0.024063,0.022366,0.022801,0.023895,0.016684,0.0172,0.020427,0.018164,0.018608,0.017621,0.016535,0.019752,0.025136,0.020933,0.021539,0.022717,0.025444,0.042193,0.043032,0.027109,0.0508,0.066216,0.054232,0.045499,0.046329,0.050303,0.047453,0.049306,0.048636,0.045951,0.044225,0.041123,0.039647,0.036419,0.035682,0.032088,0.025901,0.021936,0.016898,0.016324,0.013097,0.010275,0.008653,0.009277,0.009853,0.01122,0.012762,0.016194,0.013823,0.014646,0.014556,0.01323,0.014003,0.013184,0.013876,0.013776,0.012674,0.019381,0.019155,0.018681,0.021306,0.01867,0.019683,0.017827,0.015928,0.014436,0.013423,0.0125,0.013825,0.013137,0.01272,0.012782,0.014261,0.014087,0.015551,0.016031,0.017892,0.019681,0.019203,0.017185,0.014328,0.012329,0.010339,0.009377,0.008725,0.01021,0.011195,0.010322,0.010452,0.009695,0.009269,0.00853,0.008861,0.008413,0.008583,0.008316,0.007213,0.006578,0.005816,0.004733,0.004884,0.005141,0.005581,0.006425,0.005594,0.005698,0.005065,0.004119,0.00348,0.00277,0.001954,0.001466,0.000917,0.000661,0.000449
m20260421193752,1/4 trial 2,0.179822,0.243925,0.076854,0.021539,0.032161,0.037833,0.027276,0.021878,0.068422,0.063112,0.018164,0.014994,0.019128,0.031968,0.028092,0.019574,0.028739,0.066152,0.062656,0.069248,0.108007,0.08175,0.026878,0.026159,0.028343,0.022197,0.020779,0.017269,0.015459,0.010886,0.011275,0.016378,0.018702,0.019146,0.028014,0.02262,0.024653,0.022398,0.023982,0.021957,0.015434,0.019517,0.020421,0.014371,0.01994,0.018259,0.020747,0.017882,0.025904,0.023875,0.024675,0.029107,0.0256,0.023404,0.022275,0.021555,0.020552,0.015453,0.025303,0.03468,0.041095,0.051461,0.052386,0.065997,0.067364,0.076713,0.077643,0.062376,0.051754,0.037952,0.037746,0.041973,0.041473,0.044752,0.041006,0.033965,0.035534,0.035834,0.033035,0.037126,0.034779,0.032003,0.028816,0.023066,0.022793,0.023024,0.025967,0.025404,0.025947,0.025057,0.024594,0.025856,0.023232,0.024552,0.021951,0.019807,0.02057,0.017137,0.024664,0.022798,0.028755,0.034698,0.032575,0.037687,0.036569,0.034763,0.033841,0.031907,0.03184,0.028939,0.026168,0.027331,0.024884,0.023334,0.02251,0.016741,0.017333,0.018142,0.018201,0.019675,0.020605,0.019889,0.019593,0.016752,0.014214,0.010986,0.007912,0.007497,0.009167,0.009961,0.009857,0.012096,0.011326,0.012546,0.011919,0.011937,0.010196,0.010071,0.009423,0.010006,0.008724,0.010034,0.009548,0.007636,0.007233,0.005304,0.00416,0.00403,0.003144,0.003965,0.00282,0.002118,0.002436,0.002172,0.002053,0.001882,0.001568,0.001026,0.000514,0.000423
m20260421194031,,0.161134,0.210138,0.113221,0.098732,0.089001,0.083346,0.063986,0.049693,0.05028,0.057715,0.040345,0.044161,0.057229,0.072118,0.066667,0.057725,0.064255,0.058261,0.07183,0.071412,0.077258,0.042257,0.045427,0.049851,0.051874,0.058177,0.053639,0.051296,0.044964,0.043019,0.038463,0.031972,0.033008,0.036464,0.032912,0.038735,0.033285,0.032617,0.032653,0.02667,0.023326,0.018255,0.017931,0.022022,0.027865,0.027244,0.026431,0.023765,0.021403,0.020263,0.022836,0.022618,0.022318,0.025069,0.026598,0.030928,0.031384,0.036535,0.042299,0.044417,0.045386,0.039634,0.043217,0.037384,0.05422,0.052064,0.044006,0.040957,0.038458,0.038106,0.03927,0.03929,0.038601,0.039373,0.041406,0.045674,0.046204,0.045967,0.043567,0.040734,0.036499,0.037966,0.03645,0.034905,0.033862,0.031492,0.031909,0.03355,0.03275,0.029414,0.027755,0.025768,0.019701,0.017512,0.01975,0.020518,0.022009,0.022352,0.020574,0.019355,0.022617,0.026448,0.02928,0.034649,0.034178,0.033167,0.033823,0.031239,0.029549,0.031433,0.032994,0.032208,0.033018,0.029817,0.025442,0.023773,0.021578,0.020257,0.020518,0.020639,0.020183,0.020665,0.019444,0.019524,0.018772,0.017955,0.019895,0.019704,0.017651,0.015848,0.01425,0.012706,0.01338,0.013024,0.011399,0.010561,0.008888,0.010127,0.010926,0.010731,0.010027,0.007989,0.006943,0.006629,0.006121,0.005683,0.005467,0.005524,0.005031,0.004577,0.004226,0.003857,0.003588,0.003218,0.002831,0.002206,0.001659,0.001073,0.000852,0.000617
m20260421194501,1/4 trial 3,0.138509,0.189811,0.051148,0.062581,0.036962,0.034544,0.043796,0.027976,0.064451,0.085694,0.04629,0.042648,0.049789,0.045636,0.039161,0.04195,0.048031,0.043535,0.048056,0.127901,0.184139,0.144948,0.082156,0.066556,0.048642,0.030913,0.03062,0.031088,0.030208,0.023614,0.021031,0.017459,0.024559,0.030398,0.035101,0.028889,0.023556,0.019231,0.019474,0.017797,0.019356,0.019888,0.021959,0.018721,0.015889,0.014117,0.017276,0.020295,0.014266,0.017005,0.019454,0.029431,0.02997,0.025469,0.0281,0.032703,0.030958,0.030309,0.024872,0.024751,0.02422,0.029966,0.034624,0.03737,0.030795,0.039835,0.04446,0.035427,0.039357,0.043617,0.042007,0.043444,0.04215,0.044946,0.04078,0.040244,0.038474,0.038882,0.03808,0.039503,0.035226,0.033381,0.031438,0.029381,0.031237,0.031575,0.030085,0.027442,0.025814,0.024778,0.026081,0.0228,0.020465,0.017755,0.017482,0.018205,0.017345,0.018215,0.020844,0.02319,0.023233,0.023179,0.021421,0.021563,0.021153,0.019708,0.016585,0.015732,0.015559,0.01526,0.016485,0.016973,0.016696,0.015456,0.01363,0.013737,0.013517,0.015003,0.016962,0.018466,0.020127,0.019381,0.020287,0.01873,0.018516,0.016982,0.015803,0.014123,0.013618,0.01133,0.011189,0.009485,0.008777,0.00847,0.008296,0.008982,0.008848,0.009717,0.010271,0.010925,0.009308,0.008825,0.007302,0.00662,0.005328,0.005044,0.005003,0.004987,0.004999,0.003905,0.003727,0.003029,0.002558,0.002044,0.001754,0.001189,0.001001,0.000704,0.000469,0.00023
m20260421194832,1/4 brick test,0.128259,0.126575,0.09124,0.079423,0.097022,0.11244,0.086501,0.070275,0.086843,0.083028,0.045465,0.034616,0.028858,0.0318,0.030184,0.025282,0.023391,0.035121,0.038803,0.038995,0.036488,0.031639,0.02966,0.02905,0.024291,0.031092,0.035598,0.029938,0.033798,0.027293,0.030565,0.042151,0.039772,0.038494,0.038451,0.035559,0.029887,0.03041,0.027595,0.026463,0.028041,0.028548,0.027721,0.030409,0.035278,0.036267,0.035363,0.043768,0.042961,0.035865,0.035032,0.032306,0.033929,0.030367,0.028752,0.026456,0.024319,0.022293,0.0215,0.021811,0.02577,0.03629,0.054286,0.066092,0.050018,0.040403,0.039755,0.032902,0.028058,0.027745,0.028815,0.036617,0.034651,0.027618,0.029682,0.029541,0.0384,0.043699,0.038705,0.044669,0.044095,0.047191,0.055031,0.046163,0.043593,0.039703,0.036397,0.032095,0.023668,0.01952,0.019555,0.019515,0.022177,0.023965,0.028665,0.032389,0.036618,0.034118,0.035137,0.033947,0.030371,0.027379,0.023945,0.021805,0.020325,0.021557,0.024421,0.027274,0.025847,0.022526,0.02202,0.022382,0.024968,0.029779,0.033253,0.036252,0.036482,0.036661,0.037641,0.038063,0.036462,0.035489,0.030385,0.024392,0.017853,0.01325,0.011381,0.009793,0.010253,0.011912,0.011768,0.012504,0.012331,0.013185,0.013816,0.013261,0.012736,0.011976,0.010418,0.010174,0.011483,0.011447,0.012529,0.010471,0.007351,0.007119,0.005134,0.004107,0.003643,0.002938,0.002625,0.002183,0.001589,0.001563,0.001752,0.001657,0.001211,0.00084,0.000466,0.000266
m20260421194936,1/4 trial 4,0.112024,0.106579,0.044919,0.03844,0.042419,0.026515,0.016377,0.016624,0.026218,0.046542,0.026595,0.018807,0.01819,0.020655,0.01591,0.009907,0.013764,0.016535,0.017949,0.017118,0.035911,0.030586,0.019309,0.013342,0.019498,0.021862,0.021414,0.017504,0.013083,0.01404,0.014476,0.021456,0.022815,0.018536,0.016913,0.017833,0.014111,0.011803,0.007698,0.007157,0.005483,0.006116,0.01354,0.017499,0.020883,0.023648,0.024504,0.023776,0.019059,0.016636,0.017113,0.015621,0.010354,0.008577,0.010394,0.010144,0.009931,0.010144,0.0132,0.016307,0.018265,0.018824,0.017603,0.014249,0.008537,0.014805,0.01499,0.011721,0.011849,0.011737,0.012212,0.010771,0.008018,0.00951,0.009757,0.008069,0.00744,0.003353,0.005483,0.008067,0.00723,0.008713,0.011925,0.010107,0.007796,0.007234,0.006347,0.00579,0.006685,0.006336,0.007788,0.008125,0.009627,0.012071,0.016008,0.018763,0.020535,0.018896,0.017022,0.017295,0.015776,0.015527,0.016524,0.015149,0.011247,0.009019,0.008384,0.009285,0.01116,0.011223,0.011154,0.011365,0.012006,0.011889,0.011502,0.009966,0.008064,0.008006,0.008011,0.007271,0.009239,0.011157,0.010911,0.009779,0.007702,0.0079,0.009784,0.009706,0.009632,0.009765,0.009252,0.007927,0.005846,0.003647,0.00273,0.002319,0.002116,0.002253,0.002866,0.002714,0.00325,0.004222,0.004535,0.004305,0.004703,0.00496,0.004027,0.003417,0.002966,0.002422,0.002217,0.002112,0.001918,0.001722,0.001439,0.001091,0.000736,0.000397,0.000327,0.000235
m20260421195212,1/4 trial 5,0.126918,0.170462,0.122574,0.09628,0.0883,0.086486,0.077924,0.069967,0.067116,0.058862,0.053316,0.038023,0.036949,0.040472,0.044463,0.047662,0.046526,0.041943,0.045994,0.066577,0.07027,0.049588,0.030373,0.032052,0.033543,0.034542,0.031221,0.033737,0.039972,0.044478,0.04866,0.052088,0.053382,0.048392,0.047203,0.040467,0.036177,0.029795,0.023388,0.01994,0.01761,0.019509,0.020787,0.024357,0.030433,0.03589,0.032207,0.03225,0.033192,0.031034,0.031356,0.031044,0.026526,0.021899,0.015145,0.012046,0.010759,0.011546,0.012687,0.017484,0.02669,0.040427,0.052417,0.052848,0.044256,0.039501,0.038109,0.035717,0.03173,0.029523,0.025492,0.03032,0.031821,0.033697,0.035664,0.037662,0.038455,0.03686,0.032078,0.032635,0.0392,0.041794,0.041615,0.040671,0.035633,0.030441,0.024867,0.018379,0.013401,0.011546,0.012266,0.016788,0.022482,0.028009,0.031009,0.033824,0.035608,0.035118,0.032469,0.02829,0.027466,0.023969,0.020168,0.020451,0.017796,0.012047,0.009004,0.007467,0.009672,0.011453,0.013233,0.016168,0.017944,0.019822,0.02181,0.023088,0.025765,0.026305,0.024234,0.023771,0.023579,0.018967,0.01295,0.008825,0.008494,0.007826,0.011154,0.013445,0.014573,0.015955,0.016053,0.014732,0.012367,0.009908,0.008626,0.008539,0.007994,0.007317,0.007055,0.006472,0.006237,0.007612,0.008531,0.009034,0.009036,0.008017,0.006783,0.005186,0.003289,0.002164,0.001695,0.001527,0.001543,0.001534,0.0013,0.000974,0.000691,0.00047,0.000256,0.000145
m20260421200223,4/4 trial 1,0.146316,0.104172,0.070585,0.046287,0.069447,0.043865,0.034996,0.032425,0.019463,0.022892,0.03602,0.03189,0.03192,0.028035,0.022618,0.027459,0.031937,0.044607,0.042198,0.03052,0.031024,0.035385,0.039836,0.038358,0.041022,0.035752,0.027063,0.028732,0.024822,0.032873,0.036393,0.035969,0.046693,0.082705,0.120491,0.131547,0.128438,0.10404,0.070445,0.047622,0.054007,0.047608,0.041251,0.036431,0.029496,0.026175,0.020778,0.018297,0.014107,0.02365,0.02736,0.025431,0.022823,0.024484,0.048498,0.080704,0.123982,0.154268,0.14252,0.105016,0.087754,0.099746,0.099178,0.100044,0.119679,0.110928,0.047896,0.036419,0.039864,0.039285,0.037837,0.036398,0.026387,0.022041,0.025504,0.026535,0.025098,0.028208,0.030027,0.025259,0.018631,0.013887,0.010752,0.011807,0.01128,0.01299,0.016385,0.016508,0.019786,0.021198,0.018438,0.015338,0.012861,0.012878,0.014238,0.01411,0.012656,0.011614,0.010853,0.009484,0.008957,0.008405,0.007167,0.008678,0.007906,0.007634,0.010067,0.012756,0.014004,0.011575,0.00969,0.008854,0.008724,0.010318,0.011178,0.011965,0.01212,0.012372,0.013441,0.01433,0.016859,0.01936,0.021798,0.022886,0.020919,0.018181,0.016626,0.016103,0.015236,0.012844,0.009346,0.008021,0.008159,0.009462,0.009608,0.009828,0.010143,0.010293,0.009582,0.008921,0.008708,0.008269,0.007139,0.006988,0.007222,0.006985,0.006732,0.006229,0.005289,0.00449,0.003727,0.00299,0.002507,0.002066,0.001795,0.001456,0.001087,0.000725,0.000401,0.000261
m20260421200826,4/4 trial 2,0.164291,0.098761,0.060042,0.04999,0.064787,0.032396,0.030087,0.028201,0.025653,0.036687,0.036526,0.038461,0.037509,0.040014,0.028662,0.029545,0.026034,0.031912,0.03101,0.028245,0.029758,0.026501,0.036986,0.047429,0.041515,0.032983,0.026765,0.026472,0.036239,0.036053,0.034405,0.037624,0.057282,0.087118,0.093854,0.084587,0.083542,0.061509,0.030287,0.038987,0.036588,0.034427,0.025092,0.02057,0.017162,0.014936,0.014812,0.018335,0.020971,0.030994,0.03187,0.026772,0.025143,0.024139,0.045457,0.066834,0.086946,0.092306,0.069053,0.048579,0.048858,0.062604,0.06364,0.051046,0.033231,0.039318,0.033245,0.021348,0.014184,0.016047,0.01571,0.016903,0.019722,0.022329,0.019209,0.017501,0.017777,0.016563,0.016158,0.016682,0.016201,0.016182,0.013603,0.017258,0.016911,0.015368,0.013864,0.014375,0.014768,0.013778,0.011294,0.009256,0.010871,0.012007,0.012262,0.012597,0.013548,0.013978,0.011963,0.011332,0.011345,0.0112,0.01155,0.010173,0.009338,0.009379,0.011048,0.013783,0.01518,0.014278,0.011113,0.009345,0.007677,0.007671,0.007236,0.004885,0.005745,0.00609,0.007318,0.007889,0.010036,0.011774,0.012665,0.015976,0.017366,0.015887,0.014384,0.011867,0.01028,0.008392,0.007826,0.007075,0.005675,0.006575,0.009461,0.009831,0.010602,0.01092,0.009115,0.00794,0.007496,0.007978,0.008165,0.008145,0.007398,0.006635,0.005715,0.004786,0.003845,0.003105,0.002767,0.002594,0.002289,0.001868,0.001608,0.001238,0.00096,0.000717,0.00045,0.000267
m20260421201139,4/4 trial 3,0.158425,0.091918,0.073487,0.06779,0.071548,0.061303,0.055455,0.067791,0.073732,0.062701,0.058056,0.053668,0.039616,0.044399,0.042279,0.043704,0.046785,0.05091,0.057203,0.052216,0.044499,0.049082,0.06334,0.077349,0.080526,0.066666,0.052499,0.051153,0.054096,0.074429,0.08652,0.071117,0.078369,0.114053,0.154529,0.169332,0.136661,0.082304,0.048705,0.055406,0.058589,0.050478,0.043291,0.035846,0.028602,0.020248,0.016866,0.017777,0.029156,0.039036,0.049113,0.05903,0.0549,0.054212,0.066648,0.096763,0.135212,0.146878,0.129501,0.101987,0.09073,0.10618,0.124461,0.133778,0.112843,0.065305,0.050032,0.050218,0.048103,0.039817,0.037766,0.036775,0.032288,0.02896,0.031112,0.034217,0.036977,0.035529,0.033929,0.029915,0.024652,0.01942,0.020564,0.023728,0.026695,0.026626,0.027512,0.031287,0.035104,0.033918,0.029761,0.026785,0.025598,0.023901,0.021636,0.022823,0.023806,0.021133,0.019711,0.018332,0.018258,0.015879,0.013518,0.014982,0.014963,0.014635,0.015637,0.017158,0.017898,0.017352,0.016004,0.016455,0.017682,0.018116,0.016149,0.015794,0.015779,0.015688,0.015409,0.015124,0.01702,0.01913,0.020507,0.022542,0.023213,0.0222,0.021335,0.019927,0.016555,0.013587,0.010705,0.006591,0.005603,0.009368,0.011244,0.010838,0.011728,0.012133,0.01198,0.012229,0.012098,0.011895,0.011995,0.011217,0.010071,0.00929,0.008594,0.007526,0.006286,0.005224,0.004427,0.003896,0.003286,0.002716,0.002246,0.001737,0.001236,0.000865,0.000532,0.00018
m20260421201252,4/4 trial 4,0.192161,0.105613,0.068554,0.065262,0.079064,0.070493,0.057252,0.059773,0.067137,0.05534,0.060421,0.056304,0.050868,0.050523,0.043812,0.038552,0.047986,0.050777,0.058902,0.058165,0.055994,0.054813,0.050107,0.052659,0.057939,0.055534,0.036668,0.046774,0.051252,0.060388,0.065198,0.065374,0.091124,0.13356,0.164224,0.165412,0.139863,0.086875,0.045822,0.043173,0.050511,0.043408,0.033494,0.028183,0.025732,0.021777,0.016626,0.024646,0.038336,0.047715,0.051696,0.045936,0.037065,0.04784,0.066644,0.075706,0.089142,0.099791,0.099028,0.082657,0.07606,0.077885,0.065273,0.051267,0.045641,0.049216,0.054249,0.048211,0.041024,0.042859,0.037405,0.03417,0.036825,0.035111,0.032534,0.031751,0.033521,0.032659,0.029198,0.02958,0.031292,0.032876,0.034323,0.040265,0.043942,0.041345,0.037853,0.037202,0.035626,0.030661,0.028336,0.025762,0.023365,0.024039,0.025246,0.026418,0.026189,0.024255,0.022568,0.021307,0.018679,0.017271,0.014682,0.01246,0.01228,0.013367,0.016416,0.021308,0.021549,0.017683,0.017388,0.015429,0.014329,0.014206,0.01189,0.010786,0.011846,0.011719,0.013418,0.016093,0.018399,0.02071,0.021883,0.021971,0.023442,0.024426,0.022685,0.020081,0.01664,0.012419,0.010089,0.008081,0.006924,0.008203,0.00838,0.010367,0.0118,0.012041,0.013068,0.013038,0.011708,0.010914,0.008202,0.00654,0.006447,0.007286,0.007482,0.007309,0.006442,0.005383,0.004661,0.004005,0.003322,0.002699,0.002054,0.001553,0.001136,0.000748,0.0004,0.000233
m20260421201342,4/4 trial 5,0.11386,0.084359,0.021732,0.017623,0.042987,0.022991,0.026105,0.024194,0.023473,0.022361,0.022716,0.026128,0.024487,0.022372,0.023786,0.020181,0.016462,0.016826,0.031191,0.032174,0.03359,0.034849,0.035228,0.045112,0.050783,0.042631,0.0429,0.034704,0.028076,0.04267,0.051549,0.039797,0.051536,0.076873,0.091969,0.099155,0.093462,0.076428,0.059936,0.053214,0.044124,0.038759,0.038841,0.032956,0.027406,0.022891,0.012529,0.008332,0.005835,0.013175,0.018538,0.023631,0.018242,0.016475,0.030049,0.036267,0.042912,0.055705,0.047556,0.04002,0.036939,0.041521,0.045255,0.043711,0.039323,0.035733,0.027535,0.020201,0.02609,0.022484,0.021392,0.023094,0.022633,0.021649,0.016805,0.018112,0.021848,0.023435,0.023598,0.020301,0.020974,0.028511,0.02967,0.02971,0.030827,0.028201,0.029528,0.030583,0.026256,0.023547,0.02028,0.016697,0.017964,0.019063,0.017575,0.018911,0.02116,0.021286,0.019913,0.019503,0.017736,0.017022,0.015767,0.012886,0.012302,0.012667,0.013323,0.013652,0.013542,0.012565,0.010542,0.01066,0.008375,0.008694,0.008367,0.008324,0.00915,0.010063,0.00933,0.01098,0.013928,0.013549,0.01487,0.017171,0.0167,0.01878,0.019295,0.016472,0.01581,0.013683,0.00928,0.007484,0.008774,0.008872,0.008853,0.010028,0.009885,0.008968,0.009316,0.009173,0.010271,0.00916,0.009019,0.0094,0.00805,0.007586,0.007028,0.006156,0.005509,0.004685,0.003869,0.003327,0.002805,0.002366,0.00207,0.001787,0.001347,0.000922,0.000519,0.000135
m20260421201847,3/4 trial 1,0.091529,0.085554,0.048239,0.030375,0.034892,0.022939,0.015646,0.02161,0.016046,0.009838,0.009413,0.013619,0.016942,0.013327,0.011803,0.018159,0.014361,0.013558,0.010536,0.007532,0.008274,0.015793,0.015013,0.020766,0.020889,0.014786,0.016679,0.014958,0.022858,0.032614,0.032633,0.022695,0.037587,0.038806,0.046133,0.053069,0.044424,0.032456,0.025352,0.030245,0.028244,0.022469,0.016035,0.014502,0.01189,0.011463,0.021051,0.023464,0.036811,0.035322,0.027204,0.018387,0.013785,0.012652,0.012065,0.016828,0.01784,0.023636,0.020477,0.022147,0.018535,0.017818,0.025917,0.032441,0.015666,0.016379,0.009934,0.008254,0.010513,0.016769,0.024655,0.0178,0.023694,0.020233,0.024725,0.027436,0.022976,0.019272,0.02091,0.018268,0.01635,0.019515,0.016163,0.01777,0.017327,0.014882,0.014099,0.012355,0.012848,0.013044,0.013432,0.015241,0.015238,0.016063,0.015115,0.01364,0.012522,0.011749,0.011246,0.011767,0.012383,0.009221,0.010568,0.009201,0.010297,0.009185,0.00764,0.006726,0.00404,0.004283,0.003161,0.004306,0.005168,0.005549,0.006244,0.007614,0.006593,0.005655,0.006812,0.005464,0.005243,0.005734,0.004892,0.005144,0.005331,0.006313,0.008231,0.00731,0.009791,0.008197,0.008676,0.009222,0.008278,0.008481,0.00644,0.005096,0.003934,0.003415,0.002952,0.002595,0.002794,0.003196,0.002549,0.002349,0.001956,0.001921,0.002062,0.002171,0.002293,0.002037,0.001776,0.00138,0.001206,0.000916,0.000895,0.000805,0.000661,0.000468,0.000228,6.7e-05
m20260421202033,3/4 trial 2,0.094173,0.078385,0.052204,0.035474,0.04227,0.048078,0.03567,0.042048,0.0269,0.026466,0.016888,0.019479,0.020807,0.018272,0.016923,0.017965,0.022104,0.015041,0.012507,0.018831,0.018633,0.017624,0.018239,0.016721,0.015459,0.02192,0.022872,0.031204,0.031615,0.032088,0.035058,0.032303,0.040619,0.042412,0.040994,0.041856,0.036197,0.036732,0.028897,0.029546,0.024071,0.020974,0.012886,0.012814,0.012764,0.018313,0.031457,0.051481,0.075961,0.044471,0.026065,0.017626,0.012274,0.015639,0.016692,0.017269,0.021567,0.019547,0.017571,0.021241,0.01815,0.014977,0.019176,0.029185,0.025549,0.022864,0.021171,0.01808,0.021406,0.022406,0.025542,0.027944,0.026301,0.032826,0.033792,0.039671,0.036782,0.041828,0.042067,0.039125,0.033529,0.029645,0.028983,0.028849,0.026132,0.02393,0.021449,0.019388,0.021891,0.019498,0.018489,0.018643,0.017385,0.015314,0.013052,0.014909,0.014662,0.015123,0.016097,0.013342,0.011243,0.007597,0.008991,0.009156,0.009963,0.009567,0.008762,0.006436,0.005366,0.005012,0.005443,0.006698,0.007172,0.007836,0.007992,0.007151,0.006858,0.006801,0.007211,0.006416,0.006185,0.007524,0.006793,0.008699,0.01053,0.015204,0.018298,0.017844,0.016179,0.015415,0.016056,0.014982,0.013539,0.012419,0.011482,0.01016,0.008493,0.007324,0.006258,0.005102,0.004282,0.003235,0.003286,0.003187,0.002506,0.002308,0.002173,0.001909,0.001422,0.001396,0.001237,0.001022,0.001208,0.001067,0.000913,0.000881,0.000585,0.000449,0.000396,0.000285
m20260421202241,3/4 trial 3,0.110849,0.094835,0.039455,0.032936,0.037984,0.025408,0.017187,0.032077,0.02941,0.020617,0.021301,0.019504,0.019008,0.015127,0.014346,0.020055,0.021591,0.020755,0.017733,0.015748,0.013181,0.009152,0.012923,0.013676,0.018835,0.015289,0.016653,0.02446,0.021044,0.025023,0.018419,0.014168,0.035373,0.049869,0.051089,0.048787,0.042259,0.045145,0.050921,0.052955,0.051127,0.048628,0.042097,0.03639,0.031366,0.029575,0.029788,0.028714,0.053652,0.046393,0.047007,0.035143,0.033739,0.03041,0.022528,0.018693,0.018327,0.023619,0.02392,0.014878,0.014429,0.014397,0.020588,0.021408,0.022309,0.020189,0.01401,0.010595,0.010986,0.010404,0.010788,0.013431,0.011256,0.015449,0.025237,0.024439,0.023829,0.030932,0.030653,0.024934,0.019687,0.01342,0.01549,0.014441,0.017662,0.020766,0.021126,0.022965,0.023582,0.024045,0.023897,0.025532,0.024594,0.025702,0.025528,0.019959,0.018391,0.017707,0.015406,0.012253,0.014149,0.01362,0.011791,0.010813,0.010743,0.010955,0.009848,0.007584,0.007658,0.010413,0.013199,0.015093,0.012031,0.009705,0.009471,0.007714,0.008306,0.007909,0.00814,0.010393,0.011962,0.013074,0.013121,0.016071,0.01881,0.022034,0.027454,0.027739,0.02527,0.025075,0.020669,0.017834,0.016614,0.013739,0.012895,0.011539,0.009719,0.007239,0.003947,0.002731,0.003331,0.002927,0.003434,0.003342,0.002923,0.002853,0.002645,0.002542,0.001958,0.001605,0.001309,0.001121,0.000821,0.000868,0.000776,0.000683,0.000618,0.000438,0.000378,0.000303
m20260421202839,3/4 trial (window from 0.1 to 0.05),0.080832,0.071825,0.042955,0.037203,0.043779,0.032769,0.029601,0.030663,0.025569,0.023849,0.020915,0.019061,0.018756,0.021673,0.014185,0.017764,0.020644,0.023771,0.021874,0.022876,0.017777,0.01963,0.018008,0.017134,0.018059,0.021416,0.026837,0.035815,0.04063,0.041896,0.038241,0.039711,0.048091,0.053687,0.057595,0.059452,0.06037,0.052612,0.043857,0.042166,0.03588,0.023382,0.017644,0.014554,0.015828,0.018163,0.02846,0.049773,0.039735,0.037299,0.026944,0.020431,0.020748,0.014406,0.016155,0.021444,0.021837,0.021145,0.015088,0.010369,0.008779,0.010857,0.019731,0.01995,0.01129,0.009054,0.007864,0.010358,0.013503,0.01552,0.019514,0.020885,0.022588,0.026416,0.01962,0.022268,0.027503,0.027959,0.026253,0.022968,0.016682,0.013297,0.015329,0.016993,0.017924,0.01838,0.020238,0.018869,0.018628,0.018004,0.014737,0.013915,0.012322,0.011306,0.011206,0.011699,0.011997,0.011838,0.010423,0.010306,0.011271,0.010768,0.009291,0.007441,0.00686,0.007124,0.00694,0.007271,0.00722,0.008469,0.010896,0.011748,0.011244,0.010589,0.009064,0.00834,0.007002,0.005361,0.00549,0.005207,0.006974,0.008362,0.009008,0.012531,0.015029,0.017645,0.020062,0.020283,0.020853,0.020716,0.017087,0.015641,0.013907,0.012119,0.012052,0.010822,0.008906,0.007455,0.005857,0.004479,0.003155,0.002018,0.001424,0.001701,0.001834,0.001464,0.001414,0.00107,0.000976,0.001084,0.001062,0.000993,0.000852,0.000732,0.0006,0.000467,0.000366,0.000265,0.000199,0.000126
m20260421203155,3/4 trial (trial 1 with lid on),0.132288,0.136283,0.091779,0.07111,0.089144,0.062149,0.061317,0.066007,0.062771,0.054395,0.050336,0.050171,0.050257,0.0466,0.039047,0.034931,0.031192,0.035646,0.026594,0.020218,0.018748,0.018302,0.024872,0.037155,0.037528,0.040801,0.035526,0.02784,0.025331,0.022546,0.02268,0.027453,0.028036,0.036362,0.026008,0.029236,0.025996,0.034089,0.042147,0.046948,0.04573,0.040595,0.035637,0.030365,0.029554,0.030858,0.029066,0.057167,0.044044,0.066521,0.048137,0.03501,0.032556,0.026681,0.024913,0.017146,0.016999,0.013734,0.015926,0.016036,0.015171,0.016334,0.02156,0.026884,0.027596,0.026329,0.026408,0.03129,0.031399,0.02655,0.032321,0.036756,0.039519,0.041808,0.033084,0.03902,0.038308,0.041249,0.036183,0.035539,0.029953,0.030056,0.032293,0.03064,0.029187,0.02712,0.026184,0.028805,0.027308,0.02822,0.027482,0.028321,0.025274,0.022546,0.019112,0.019829,0.0218,0.017098,0.022134,0.018701,0.024231,0.020565,0.01865,0.021969,0.020646,0.019206,0.014856,0.016027,0.018823,0.021852,0.017687,0.019272,0.023743,0.023186,0.020749,0.019301,0.018257,0.016138,0.016456,0.018438,0.016102,0.023199,0.032726,0.037648,0.034645,0.039848,0.037281,0.042834,0.046409,0.044604,0.04236,0.036774,0.031644,0.029067,0.026041,0.022304,0.01879,0.015246,0.012445,0.010103,0.008101,0.006734,0.005299,0.005534,0.005015,0.005402,0.005411,0.005011,0.004513,0.004685,0.004423,0.003408,0.002734,0.002279,0.00193,0.001352,0.000947,0.00079,0.000492,0.000274
m20260421203307,3/4 trial 2 with lid on,0.105329,0.129168,0.087027,0.062921,0.059774,0.046106,0.047002,0.046746,0.057172,0.054354,0.05612,0.042149,0.040419,0.044658,0.041052,0.039542,0.041711,0.048991,0.042144,0.032041,0.030379,0.033969,0.037971,0.04602,0.056024,0.056241,0.053949,0.052734,0.038589,0.04016,0.03873,0.041103,0.04412,0.043665,0.04453,0.055218,0.063164,0.055327,0.053589,0.061298,0.058278,0.049066,0.044217,0.042822,0.036594,0.023229,0.026916,0.062044,0.080916,0.051907,0.049564,0.046093,0.03532,0.028708,0.025276,0.022562,0.019763,0.015787,0.016592,0.01656,0.014374,0.009907,0.011193,0.023373,0.022562,0.018881,0.010067,0.010693,0.01657,0.009416,0.010737,0.013962,0.018797,0.021701,0.02756,0.021388,0.033034,0.030473,0.037343,0.029074,0.03385,0.029319,0.024767,0.01818,0.018356,0.022531,0.026459,0.031556,0.036755,0.038463,0.035287,0.034279,0.036034,0.035953,0.032629,0.024495,0.026986,0.027005,0.019499,0.028265,0.025361,0.029459,0.025528,0.026148,0.028624,0.022489,0.019038,0.018367,0.020155,0.025128,0.024755,0.021191,0.025034,0.022269,0.019785,0.020882,0.02053,0.018591,0.018025,0.022303,0.022103,0.024985,0.027186,0.027549,0.033836,0.031195,0.039095,0.046961,0.041941,0.038307,0.035939,0.037389,0.033103,0.031576,0.030967,0.028682,0.024454,0.020509,0.014634,0.009066,0.006649,0.005924,0.005155,0.006192,0.007407,0.00677,0.007161,0.008414,0.007876,0.006215,0.005918,0.005556,0.004067,0.003116,0.002863,0.002369,0.001699,0.001274,0.000676,0.000271
m20260421203611,3/4 trial 3 with lid on,0.093159,0.088588,0.092775,0.068456,0.079287,0.074492,0.044342,0.042889,0.053497,0.061103,0.058562,0.05255,0.043666,0.045919,0.036409,0.035407,0.032918,0.034037,0.026437,0.030997,0.028354,0.027397,0.026155,0.025905,0.040475,0.043619,0.048463,0.052292,0.042371,0.041302,0.044501,0.060303,0.065399,0.059641,0.055227,0.058364,0.046791,0.052121,0.044228,0.045119,0.041711,0.03744,0.02946,0.030668,0.027023,0.022127,0.037167,0.070109,0.088118,0.055438,0.035998,0.036041,0.032835,0.029586,0.02983,0.029851,0.027169,0.026383,0.025047,0.019162,0.010894,0.015646,0.025437,0.032613,0.030525,0.026101,0.019358,0.019664,0.023235,0.03194,0.032799,0.031558,0.036854,0.035699,0.029648,0.033452,0.033418,0.036347,0.038342,0.038405,0.035134,0.03247,0.029482,0.031306,0.029868,0.030409,0.032895,0.035473,0.037999,0.034602,0.032454,0.031668,0.030938,0.026294,0.01946,0.02162,0.02257,0.02125,0.022585,0.017709,0.020965,0.021036,0.020358,0.021836,0.020305,0.019574,0.018625,0.018841,0.019075,0.02163,0.025357,0.024002,0.018533,0.01887,0.015819,0.015053,0.014311,0.014916,0.016248,0.020032,0.023789,0.027649,0.029228,0.030459,0.035082,0.036599,0.037737,0.038559,0.030757,0.025479,0.025027,0.023233,0.023786,0.024251,0.024347,0.024354,0.023321,0.018863,0.015987,0.011978,0.008768,0.007018,0.006749,0.007479,0.007568,0.007028,0.006146,0.005947,0.00522,0.00496,0.004152,0.003503,0.002655,0.00204,0.001733,0.00157,0.00128,0.000885,0.000545,0.000406
m20260422001337,,0.072321,0.081942,0.065483,0.048279,0.058574,0.061164,0.045844,0.054521,0.05413,0.036702,0.037613,0.037339,0.041987,0.038373,0.030574,0.022873,0.018562,0.021436,0.019622,0.023533,0.016969,0.018074,0.021241,0.02098,0.016005,0.018346,0.024024,0.023776,0.015874,0.014341,0.016036,0.010085,0.008875,0.012967,0.018104,0.020596,0.020509,0.01834,0.020782,0.021732,0.028253,0.025689,0.024841,0.025658,0.031963,0.040709,0.043879,0.043288,0.032267,0.022958,0.023602,0.028498,0.02808,0.026608,0.025862,0.022476,0.02032,0.019861,0.013911,0.014004,0.01192,0.011275,0.014042,0.017265,0.015659,0.015971,0.017475,0.02084,0.020867,0.020272,0.019571,0.022073,0.02611,0.026719,0.025952,0.022449,0.016569,0.013101,0.014489,0.016489,0.016354,0.017101,0.020896,0.018609,0.019083,0.018918,0.018806,0.020737,0.021677,0.017359,0.015253,0.017242,0.016111,0.019036,0.020943,0.021934,0.025356,0.031408,0.032619,0.033305,0.02822,0.023531,0.019176,0.015203,0.011846,0.012509,0.009824,0.009976,0.010708,0.01131,0.010746,0.013345,0.014175,0.012256,0.010543,0.012295,0.01206,0.011545,0.010895,0.010787,0.010271,0.00955,0.00865,0.009622,0.011182,0.010671,0.011239,0.010467,0.008703,0.008948,0.010039,0.00801,0.008044,0.00508,0.004931,0.004063,0.003625,0.003244,0.002567,0.003208,0.003422,0.003969,0.003812,0.003496,0.002839,0.003092,0.002946,0.003351,0.002864,0.002221,0.001289,0.001216,0.001336,0.001032,0.000916,0.000843,0.000798,0.000811,0.000688,0.000604
m20260422003033,,0.069777,0.075863,0.057784,0.026759,0.061687,0.033686,0.020476,0.037598,0.035642,0.027682,0.016418,0.01643,0.019644,0.027251,0.029848,0.031623,0.023498,0.025271,0.020935,0.020207,0.017331,0.02068,0.017776,0.020644,0.017685,0.020536,0.027014,0.029874,0.029518,0.028257,0.026479,0.021557,0.021589,0.023412,0.021161,0.021949,0.019339,0.02157,0.01963,0.019314,0.023652,0.02309,0.027089,0.029514,0.026724,0.030947,0.027847,0.020254,0.016643,0.010595,0.011978,0.014479,0.010252,0.009019,0.008913,0.008639,0.008736,0.009366,0.011109,0.015299,0.015124,0.013038,0.012894,0.00732,0.006612,0.009595,0.012112,0.013085,0.01,0.008216,0.007798,0.006679,0.007191,0.008831,0.011553,0.014246,0.014496,0.012808,0.013287,0.013491,0.01288,0.011689,0.014225,0.01501,0.014287,0.013586,0.012697,0.01251,0.01414,0.014404,0.014256,0.012826,0.012563,0.013765,0.014666,0.013889,0.016901,0.020648,0.020576,0.02115,0.018265,0.014576,0.010975,0.011541,0.012814,0.011814,0.010258,0.011059,0.012884,0.012943,0.013004,0.014405,0.015606,0.014165,0.010086,0.004948,0.004429,0.005289,0.006183,0.005821,0.005529,0.006053,0.006632,0.007366,0.008772,0.008176,0.007446,0.006502,0.005542,0.003724,0.003671,0.004121,0.003915,0.003331,0.002691,0.002333,0.002284,0.002798,0.003654,0.003543,0.003834,0.003811,0.003666,0.0037,0.003587,0.003127,0.003472,0.003251,0.003562,0.003357,0.002865,0.002694,0.002582,0.002433,0.002326,0.002259,0.002314,0.002263,0.002118,0.002001
m20260422005754,,0.132626,0.124607,0.021819,0.037488,0.031824,0.014595,0.022763,0.019006,0.019157,0.019874,0.031589,0.011523,0.032593,0.015862,0.007808,0.010469,0.01118,0.014494,0.00795,0.003665,0.012857,0.016732,0.007384,0.007813,0.01049,0.00516,0.005758,0.012632,0.010163,0.007614,0.007032,0.011502,0.014246,0.006963,0.004202,0.004188,0.00238,0.003509,0.008149,0.006928,0.00524,0.00095,0.003852,0.00301,0.00704,0.015044,0.020065,0.025926,0.015705,0.009634,0.008859,0.010826,0.010912,0.007597,0.014169,0.017158,0.014686,0.006442,0.013167,0.016644,0.019143,0.019358,0.011008,0.007561,0.003079,0.013404,0.016824,0.019585,0.029116,0.025788,0.022355,0.029159,0.017108,0.014431,0.012783,0.017059,0.014951,0.015484,0.015224,0.020115,0.0179,0.012795,0.016647,0.014884,0.008018,0.010674,0.011905,0.016628,0.011475,0.01196,0.012769,0.00819,0.007403,0.003873,0.00472,0.004846,0.00456,0.002934,0.004284,0.008249,0.009902,0.01024,0.009248,0.008171,0.008961,0.007254,0.007152,0.007427,0.010922,0.009388,0.010399,0.00872,0.008081,0.012269,0.013762,0.01474,0.013019,0.010514,0.008791,0.009263,0.006063,0.007092,0.007946,0.009326,0.010043,0.011026,0.011583,0.010617,0.010811,0.010636,0.014639,0.015106,0.014718,0.013721,0.013462,0.012232,0.009944,0.009195,0.006888,0.006107,0.005813,0.005499,0.006428,0.00613,0.006504,0.006086,0.006482,0.006455,0.006691,0.006516,0.006018,0.006163,0.005855,0.0058,0.005805,0.005579,0.005735,0.005493,0.005505,0.005409
m20260422011243,,0.097165,0.090925,0.0849,0.071309,0.083239,0.065776,0.059574,0.06286,0.066246,0.054518,0.051681,0.048823,0.050762,0.053391,0.055041,0.056334,0.05794,0.048709,0.040582,0.036519,0.038881,0.035531,0.03124,0.029676,0.035559,0.042113,0.039857,0.040191,0.035766,0.030715,0.034011,0.035437,0.033035,0.033794,0.035284,0.038914,0.037241,0.033439,0.032169,0.031446,0.027312,0.025179,0.024794,0.031801,0.040989,0.043562,0.046262,0.046276,0.044163,0.04698,0.053749,0.055431,0.051871,0.048028,0.046474,0.045897,0.043812,0.039671,0.035221,0.036276,0.037052,0.025847,0.019457,0.016906,0.020836,0.020389,0.024137,0.026222,0.026658,0.029707,0.034204,0.035606,0.03575,0.03636,0.037936,0.038694,0.040619,0.039188,0.037633,0.035087,0.032189,0.030389,0.029897,0.029869,0.028969,0.028079,0.030527,0.033231,0.033084,0.030365,0.027334,0.025069,0.025416,0.027691,0.030497,0.030799,0.031309,0.035209,0.035329,0.032531,0.030019,0.027586,0.023514,0.020306,0.02114,0.021362,0.020707,0.021889,0.023144,0.023688,0.02179,0.020738,0.020261,0.019723,0.019952,0.023303,0.025022,0.023852,0.021421,0.019826,0.02033,0.022353,0.023654,0.024424,0.025062,0.024947,0.023611,0.021225,0.019317,0.017713,0.014247,0.011853,0.010662,0.011012,0.011227,0.010084,0.009101,0.00999,0.009436,0.009954,0.010373,0.008475,0.006663,0.005597,0.004265,0.003571,0.003961,0.004081,0.003599,0.003229,0.003037,0.002671,0.002135,0.001531,0.001463,0.001462,0.001423,0.001296,0.00116,0.001
m20260422011334,,0.085557,0.074553,0.060571,0.075411,0.078354,0.057492,0.060308,0.072463,0.077392,0.069848,0.06405,0.057874,0.060439,0.059995,0.062414,0.062571,0.061597,0.05981,0.058438,0.061088,0.060936,0.058504,0.056011,0.051791,0.046368,0.040818,0.035413,0.038391,0.038025,0.037549,0.035015,0.032907,0.037216,0.042276,0.039594,0.040573,0.043575,0.046568,0.052893,0.054467,0.048538,0.040762,0.034962,0.038086,0.045044,0.054008,0.056525,0.048413,0.048053,0.050011,0.045927,0.042611,0.043504,0.046809,0.050956,0.054711,0.053606,0.052243,0.052994,0.064975,0.071196,0.064971,0.057923,0.05589,0.055423,0.054186,0.050588,0.045629,0.039556,0.037007,0.038658,0.038967,0.036575,0.037722,0.04179,0.043689,0.046572,0.053102,0.056023,0.05283,0.052644,0.056061,0.056868,0.053842,0.051597,0.049274,0.045234,0.040914,0.039253,0.039274,0.039809,0.039624,0.036429,0.034966,0.03836,0.042162,0.039885,0.037495,0.039602,0.039254,0.035877,0.034806,0.031934,0.026403,0.023329,0.019903,0.017395,0.017952,0.018732,0.018347,0.018419,0.021218,0.02267,0.018601,0.020832,0.0271,0.027694,0.026831,0.026665,0.026332,0.026258,0.027378,0.029333,0.029098,0.029125,0.030528,0.031905,0.03231,0.031099,0.03003,0.028814,0.025917,0.022563,0.020917,0.019054,0.015598,0.012119,0.010705,0.009283,0.007135,0.006447,0.006477,0.007725,0.008729,0.008749,0.008355,0.007904,0.007141,0.006505,0.005767,0.004979,0.004281,0.003673,0.003232,0.002858,0.002674,0.002513,0.002277,0.002064,0.001973
m20260422014506,3 quater 1,0.046139,0.017156,0.03611,0.028584,0.029903,0.024554,0.024187,0.029043,0.030549,0.028672,0.028402,0.024596,0.023323,0.025622,0.025661,0.016983,0.015525,0.020148,0.015104,0.015638,0.016255,0.017674,0.021642,0.017773,0.018988,0.01874,0.015959,0.015201,0.017124,0.014961,0.013538,0.011689,0.011798,0.012148,0.010729,0.013331,0.018343,0.016108,0.013723,0.012854,0.015312,0.019513,0.022572,0.023994,0.023427,0.02951,0.034123,0.027796,0.020754,0.027174,0.026099,0.024488,0.023535,0.018717,0.020583,0.021594,0.02064,0.017032,0.016156,0.018829,0.020391,0.020933,0.020606,0.019803,0.021346,0.021116,0.020162,0.018748,0.019813,0.01882,0.01646,0.016973,0.016452,0.016702,0.016755,0.015993,0.014766,0.013683,0.014223,0.014864,0.01681,0.019107,0.019394,0.019418,0.019775,0.018964,0.016583,0.015979,0.015695,0.014783,0.01462,0.01522,0.017073,0.017803,0.018989,0.021891,0.024707,0.026701,0.025924,0.023868,0.021442,0.017626,0.014598,0.012322,0.010794,0.010794,0.010669,0.010293,0.010314,0.010804,0.011849,0.012765,0.01186,0.011278,0.011082,0.009284,0.007961,0.007342,0.006603,0.00599,0.005979,0.006124,0.007061,0.008027,0.008219,0.008127,0.007742,0.007175,0.006476,0.00601,0.005497,0.004759,0.004128,0.003194,0.002824,0.00304,0.003369,0.003643,0.00363,0.003494,0.003576,0.003363,0.002799,0.002531,0.002351,0.001975,0.001548,0.001274,0.00103,0.001001,0.00106,0.000996,0.000948,0.000988,0.000885,0.000774,0.000683,0.000488,0.000236,0.00019
m20260422014812,3 quater,0.038897,0.055376,0.076686,0.069016,0.069519,0.057037,0.062919,0.067903,0.054893,0.047324,0.056193,0.049586,0.048394,0.040778,0.031783,0.042418,0.046461,0.038227,0.035443,0.036357,0.027503,0.033144,0.034857,0.024792,0.02605,0.021503,0.020239,0.027395,0.025801,0.02747,0.027369,0.031679,0.024198,0.024949,0.021992,0.020284,0.029255,0.028092,0.025479,0.028225,0.030736,0.027448,0.020572,0.018865,0.019262,0.033912,0.031032,0.028092,0.032094,0.040167,0.038146,0.03386,0.030076,0.035452,0.035057,0.033112,0.027607,0.024012,0.020888,0.022959,0.027915,0.027573,0.026467,0.026849,0.024241,0.026994,0.031861,0.033849,0.031664,0.029258,0.026739,0.024495,0.021751,0.017435,0.016216,0.013951,0.01224,0.012098,0.011291,0.006295,0.006033,0.008939,0.012011,0.009606,0.010901,0.011557,0.011367,0.012238,0.011195,0.01036,0.00903,0.008444,0.009268,0.010924,0.013613,0.017548,0.021021,0.024882,0.026319,0.024762,0.021487,0.018796,0.016055,0.013962,0.01142,0.008289,0.005901,0.003307,0.002252,0.0026,0.004519,0.005026,0.007297,0.013272,0.01693,0.015292,0.014126,0.014876,0.014333,0.012715,0.012788,0.013339,0.015734,0.017562,0.018549,0.019561,0.019781,0.018763,0.017689,0.017386,0.015425,0.012484,0.010441,0.009181,0.007811,0.006324,0.004973,0.002981,0.001087,0.001025,0.001706,0.001693,0.001555,0.001397,0.001227,0.001049,0.000833,0.000468,0.00054,0.000498,0.000465,0.000637,0.000663,0.00062,0.00066,0.000624,0.000568,0.000414,0.000261,9.8e-05
m20260422015110,3 quater,0.020793,0.073158,0.140867,0.126451,0.107675,0.102252,0.120103,0.112249,0.106453,0.104617,0.105313,0.08638,0.095119,0.089868,0.06116,0.057318,0.048343,0.048225,0.064242,0.062031,0.054067,0.042242,0.038745,0.030182,0.032685,0.028036,0.019282,0.031282,0.035726,0.044782,0.054647,0.044422,0.042765,0.04082,0.046833,0.05247,0.046269,0.040016,0.042016,0.044835,0.045306,0.047136,0.03541,0.022045,0.025756,0.023425,0.028251,0.033445,0.045597,0.049007,0.04381,0.032544,0.025189,0.020791,0.013525,0.020625,0.023559,0.028222,0.03122,0.032559,0.031512,0.024879,0.019293,0.024702,0.028168,0.029547,0.028769,0.022743,0.016294,0.014238,0.014259,0.011695,0.008262,0.011212,0.022173,0.029877,0.028264,0.027934,0.028771,0.028285,0.026267,0.025383,0.020429,0.010224,0.004074,0.001454,0.007284,0.014393,0.017873,0.024128,0.028862,0.034589,0.043382,0.047519,0.051623,0.056602,0.059922,0.061419,0.063229,0.060701,0.052812,0.041426,0.033749,0.02912,0.028177,0.030277,0.027526,0.021731,0.021391,0.021094,0.021523,0.015605,0.013273,0.020556,0.021292,0.018845,0.022579,0.026206,0.026014,0.025022,0.023661,0.024286,0.024412,0.025065,0.027265,0.029145,0.028636,0.027426,0.030097,0.030123,0.022815,0.015241,0.010201,0.006682,0.006624,0.008704,0.010808,0.012423,0.012551,0.010785,0.009565,0.007783,0.006018,0.004123,0.00245,0.00192,0.000961,0.000224,0.001635,0.002485,0.002486,0.002449,0.002482,0.0021,0.00145,0.00091,0.000467,0.000265,0.000186,2.6e-05
m20260422015143,3 quater,0.045084,0.004757,0.050626,0.03471,0.029942,0.037274,0.049659,0.057672,0.058031,0.037451,0.043023,0.033516,0.030431,0.03721,0.027917,0.007438,0.00802,0.017139,0.022662,0.01777,0.014132,0.011463,0.001866,0.013296,0.016199,0.013757,0.008735,0.009518,0.016422,0.011636,0.009461,0.011419,0.013904,0.008802,0.012667,0.020911,0.019306,0.011801,0.010594,0.005607,0.016429,0.031115,0.041575,0.044365,0.043494,0.041177,0.03593,0.039406,0.053944,0.058715,0.052411,0.047797,0.054409,0.057466,0.056264,0.060221,0.051272,0.041153,0.03521,0.042809,0.043875,0.04236,0.037448,0.032918,0.031117,0.036542,0.044764,0.046016,0.046019,0.048978,0.056406,0.058105,0.056265,0.051291,0.044538,0.03865,0.042697,0.05066,0.047835,0.042233,0.041698,0.04226,0.034818,0.028712,0.027336,0.021595,0.015484,0.013894,0.010996,0.010208,0.009595,0.006788,0.009853,0.013026,0.014783,0.014677,0.011965,0.007939,0.006762,0.005411,0.005811,0.005519,0.005138,0.005286,0.005284,0.004588,0.00508,0.005401,0.004822,0.003833,0.005309,0.009062,0.017633,0.026641,0.026775,0.02458,0.02594,0.024563,0.02184,0.023347,0.027691,0.030387,0.03106,0.031077,0.031574,0.031291,0.028343,0.025133,0.022822,0.020178,0.01883,0.018452,0.0159,0.011685,0.009254,0.008127,0.006998,0.006506,0.00632,0.005616,0.00422,0.003841,0.003665,0.002848,0.001839,0.000774,0.001192,0.001823,0.002687,0.003586,0.003993,0.00395,0.003775,0.003408,0.002731,0.002224,0.001768,0.001085,0.000473,0.000458
m20260422015607,,0.050007,0.055724,0.073663,0.059792,0.048121,0.044244,0.048864,0.051901,0.059423,0.051795,0.047724,0.041482,0.043328,0.043864,0.036203,0.028657,0.027298,0.02537,0.028342,0.02813,0.027378,0.027205,0.025037,0.025454,0.029255,0.029557,0.026077,0.023252,0.019097,0.020728,0.023167,0.024451,0.02054,0.015596,0.013841,0.017713,0.020573,0.021611,0.017692,0.011859,0.013072,0.014968,0.01591,0.020649,0.025322,0.028292,0.03125,0.028409,0.028355,0.030789,0.025278,0.021906,0.022245,0.021565,0.019387,0.019575,0.01999,0.017945,0.015222,0.01667,0.019537,0.018754,0.01864,0.020647,0.021195,0.020713,0.019027,0.019701,0.021543,0.020037,0.018127,0.017228,0.016412,0.016478,0.016324,0.018647,0.020796,0.020841,0.022744,0.023547,0.023241,0.021803,0.021989,0.019913,0.018692,0.016178,0.017122,0.01867,0.019141,0.019294,0.019021,0.018861,0.019276,0.020724,0.022412,0.025207,0.026606,0.026492,0.024278,0.020377,0.014979,0.01034,0.008091,0.006412,0.005598,0.005648,0.006382,0.006788,0.007375,0.008196,0.009099,0.010492,0.010603,0.009646,0.010951,0.010163,0.009225,0.0095,0.009672,0.010066,0.011188,0.012404,0.012773,0.012523,0.012399,0.012631,0.012416,0.011825,0.010821,0.010009,0.009309,0.008153,0.00702,0.005887,0.005119,0.004888,0.005421,0.005672,0.004773,0.003668,0.00273,0.002186,0.001984,0.001788,0.001596,0.001407,0.001366,0.001411,0.001677,0.001881,0.001927,0.001824,0.00164,0.00149,0.001372,0.001237,0.001074,0.000832,0.000485,0.000179
m20260422015716,3 quater,0.045655,0.057736,0.080208,0.072232,0.071122,0.063362,0.060095,0.064185,0.062732,0.057261,0.050511,0.045631,0.052119,0.056564,0.047615,0.042556,0.045156,0.037869,0.038108,0.039087,0.037539,0.03025,0.026055,0.024536,0.025505,0.023156,0.023149,0.026913,0.025117,0.025152,0.026231,0.027852,0.032262,0.034795,0.038483,0.041176,0.040921,0.041356,0.042143,0.043106,0.044431,0.041919,0.040279,0.035422,0.034278,0.032034,0.029658,0.032319,0.036904,0.037169,0.031768,0.028709,0.02615,0.026094,0.028546,0.028325,0.025447,0.024797,0.025042,0.025265,0.024311,0.01903,0.014762,0.01445,0.014411,0.017297,0.021282,0.025968,0.027414,0.026178,0.026591,0.026759,0.024857,0.024907,0.026342,0.026927,0.026529,0.024906,0.022319,0.022849,0.025141,0.027612,0.027351,0.027456,0.027457,0.026089,0.024541,0.023497,0.021816,0.022287,0.022794,0.022357,0.021403,0.021435,0.021961,0.021754,0.022886,0.023338,0.022996,0.023642,0.022291,0.019025,0.017143,0.016456,0.016222,0.01508,0.014309,0.013224,0.012354,0.012932,0.014013,0.014897,0.016781,0.01773,0.016903,0.017726,0.016913,0.015382,0.015097,0.014321,0.01354,0.012849,0.011994,0.012421,0.013409,0.01283,0.011185,0.009731,0.009704,0.010405,0.008624,0.005567,0.00432,0.003689,0.003348,0.00453,0.006071,0.006765,0.007303,0.007624,0.006658,0.005167,0.003873,0.002932,0.002244,0.001741,0.001469,0.001442,0.001798,0.002142,0.002154,0.002013,0.001913,0.001761,0.001527,0.001323,0.00106,0.000747,0.000416,0.000174
m20260422020131,3 quater 1,0.102908,0.054814,0.037666,0.057773,0.076283,0.041516,0.027795,0.040193,0.045471,0.055777,0.056929,0.038533,0.041193,0.033179,0.036952,0.046962,0.041807,0.036859,0.037472,0.024155,0.021239,0.012726,0.01495,0.005825,0.012589,0.009883,0.013859,0.022114,0.022287,0.021588,0.021615,0.026897,0.033056,0.032366,0.042038,0.043044,0.050282,0.050116,0.034443,0.036837,0.039073,0.021068,0.011192,0.014025,0.022113,0.038434,0.032709,0.043534,0.0537,0.056106,0.041148,0.029653,0.032829,0.02834,0.017974,0.018842,0.026136,0.023036,0.021084,0.028189,0.031371,0.029602,0.023578,0.023461,0.024134,0.021912,0.023556,0.024665,0.020375,0.015947,0.011827,0.01182,0.013334,0.012196,0.01633,0.023566,0.024786,0.026337,0.027456,0.025985,0.026618,0.025668,0.023287,0.022572,0.028287,0.032442,0.039312,0.045123,0.042417,0.038667,0.039821,0.040298,0.037634,0.036856,0.03368,0.032621,0.039025,0.043572,0.045235,0.047279,0.043448,0.037659,0.033976,0.029462,0.025222,0.022504,0.01856,0.015157,0.01295,0.008479,0.005524,0.00707,0.009997,0.018766,0.020044,0.0164,0.016174,0.013028,0.011523,0.012144,0.011422,0.009197,0.008276,0.010982,0.014747,0.015536,0.016289,0.018453,0.016879,0.012558,0.010486,0.010377,0.00853,0.004765,0.004429,0.003563,0.00624,0.008972,0.008036,0.007243,0.005994,0.003967,0.003111,0.002987,0.002219,0.001143,0.000865,0.001409,0.00208,0.002943,0.003356,0.002937,0.002597,0.002309,0.001838,0.001314,0.000971,0.000674,0.000283,7.4e-05
m20260422020558,,0.058192,0.043553,0.070114,0.07234,0.056545,0.042895,0.067511,0.069296,0.059531,0.054677,0.046613,0.051139,0.058042,0.054978,0.051986,0.051014,0.047559,0.041762,0.044854,0.048923,0.04604,0.039582,0.032409,0.024862,0.021616,0.02106,0.028299,0.030534,0.021865,0.02413,0.025968,0.026433,0.023628,0.027678,0.032611,0.030183,0.027744,0.03241,0.035387,0.037036,0.04086,0.043902,0.03693,0.029106,0.028788,0.033923,0.03824,0.039451,0.042931,0.04697,0.04085,0.035402,0.037463,0.039118,0.046432,0.044886,0.040015,0.040744,0.044434,0.049738,0.052445,0.045581,0.037703,0.035204,0.03602,0.038756,0.042912,0.04149,0.039646,0.041291,0.040256,0.0392,0.040892,0.041929,0.042453,0.041353,0.038265,0.035425,0.032802,0.0294,0.026793,0.026,0.028139,0.029559,0.027582,0.02623,0.025889,0.024516,0.024612,0.024616,0.024044,0.02594,0.02618,0.026147,0.024474,0.02352,0.024521,0.025836,0.025972,0.026964,0.027471,0.025797,0.023956,0.021811,0.019596,0.017587,0.015346,0.013834,0.013545,0.013639,0.013881,0.014873,0.01686,0.017696,0.017587,0.01898,0.019314,0.019162,0.018948,0.018462,0.018054,0.018048,0.017714,0.016762,0.015958,0.016048,0.015067,0.012692,0.012645,0.012689,0.010391,0.00822,0.007378,0.006874,0.006849,0.007014,0.007883,0.008799,0.008644,0.007465,0.006511,0.005608,0.004288,0.003216,0.002511,0.00198,0.001709,0.001795,0.001738,0.001494,0.001425,0.001497,0.001478,0.001452,0.00139,0.001236,0.000979,0.000759,0.000449,0.000117
m20260422020929,,0.074095,0.045337,0.053697,0.063174,0.061663,0.042843,0.047558,0.055638,0.050853,0.036336,0.029837,0.032431,0.050309,0.049258,0.035016,0.032529,0.028635,0.022642,0.021242,0.021649,0.021813,0.023123,0.018553,0.014611,0.017661,0.02341,0.019697,0.020247,0.025346,0.02876,0.030578,0.034786,0.038417,0.034689,0.032312,0.027979,0.027443,0.028844,0.026617,0.025207,0.026926,0.023497,0.022082,0.02615,0.024463,0.032625,0.040207,0.041455,0.04313,0.045632,0.041565,0.033101,0.031447,0.032598,0.0364,0.041912,0.047121,0.051864,0.056341,0.059569,0.059486,0.057134,0.050152,0.044881,0.044734,0.046756,0.050589,0.054852,0.05365,0.051224,0.04665,0.043531,0.043433,0.042444,0.039803,0.038334,0.036563,0.034755,0.033411,0.031082,0.029534,0.029075,0.026647,0.027136,0.032981,0.035607,0.033082,0.034582,0.040523,0.043629,0.045945,0.049608,0.050983,0.050032,0.048683,0.04785,0.046773,0.046849,0.046299,0.043467,0.040494,0.037342,0.03458,0.032353,0.029306,0.025484,0.022378,0.019452,0.016988,0.015986,0.01927,0.018614,0.020642,0.02802,0.027768,0.02479,0.026422,0.02629,0.02596,0.026721,0.02648,0.025321,0.024677,0.023622,0.023271,0.023101,0.022644,0.020851,0.018237,0.017803,0.016456,0.013089,0.010076,0.008193,0.007545,0.007969,0.009111,0.010379,0.010728,0.009828,0.008599,0.007144,0.005492,0.004167,0.00375,0.003394,0.002845,0.002457,0.002238,0.00222,0.002599,0.002989,0.002891,0.002884,0.002884,0.002465,0.00198,0.00143,0.000757,0.000304
m20260422021557,3 quater,0.079261,0.063352,0.083689,0.088085,0.083227,0.060703,0.066008,0.074983,0.073029,0.061486,0.056604,0.054705,0.058874,0.057924,0.047885,0.048128,0.050035,0.045199,0.037916,0.030349,0.024992,0.020323,0.023252,0.020999,0.015321,0.020395,0.029828,0.034412,0.030053,0.030687,0.03308,0.036955,0.038173,0.03468,0.034181,0.045584,0.058124,0.057355,0.052806,0.053678,0.053976,0.052241,0.048116,0.048835,0.054648,0.050931,0.051035,0.049918,0.054277,0.064268,0.058409,0.050894,0.050473,0.047402,0.045995,0.04654,0.052604,0.052273,0.053012,0.054168,0.054796,0.051566,0.046021,0.042089,0.037685,0.03801,0.045406,0.055692,0.062883,0.064931,0.063817,0.06063,0.053706,0.046562,0.044573,0.042992,0.041651,0.039928,0.036639,0.034026,0.032465,0.035015,0.036881,0.035702,0.034857,0.033529,0.031186,0.030188,0.028662,0.027252,0.026229,0.024786,0.025892,0.026752,0.02887,0.030282,0.029638,0.029033,0.028296,0.027734,0.026405,0.025065,0.022852,0.021945,0.020099,0.017999,0.018167,0.017615,0.016696,0.016605,0.015207,0.015335,0.017542,0.020681,0.026481,0.026791,0.02679,0.027245,0.026594,0.025701,0.024577,0.024029,0.023939,0.023662,0.023277,0.022263,0.021243,0.020316,0.018321,0.015795,0.01433,0.011748,0.008162,0.006869,0.006202,0.005691,0.005229,0.006296,0.006164,0.006401,0.006468,0.005423,0.004305,0.003209,0.002436,0.002111,0.001958,0.00195,0.002347,0.002746,0.003128,0.003358,0.003187,0.003064,0.002849,0.002347,0.001813,0.001238,0.000638,0.000223
m20260422021832,3 quater,0.06741,0.073174,0.08079,0.093002,0.100612,0.073496,0.068856,0.081277,0.086153,0.080268,0.070107,0.065447,0.071275,0.066718,0.055645,0.056766,0.059426,0.05479,0.049808,0.042798,0.039136,0.034879,0.027818,0.020226,0.025756,0.035186,0.039679,0.040151,0.040179,0.040476,0.042751,0.041544,0.041182,0.040346,0.042007,0.047565,0.051016,0.053089,0.051911,0.046395,0.043211,0.033852,0.036243,0.039743,0.041998,0.04264,0.040666,0.041376,0.051564,0.061099,0.061132,0.054028,0.050764,0.046251,0.052323,0.050525,0.044969,0.043772,0.039987,0.041294,0.036242,0.029926,0.023577,0.021627,0.021565,0.026968,0.034719,0.037492,0.040731,0.040408,0.038648,0.037585,0.034374,0.036996,0.038235,0.040037,0.043521,0.041726,0.042305,0.043319,0.043656,0.045361,0.042732,0.040715,0.041999,0.040148,0.03623,0.03665,0.036376,0.034385,0.033103,0.031997,0.030729,0.031437,0.036269,0.036686,0.035174,0.037436,0.036637,0.035976,0.035452,0.031248,0.029448,0.027243,0.025433,0.024956,0.022201,0.021282,0.021324,0.020898,0.01993,0.019006,0.02019,0.020066,0.021634,0.02393,0.025308,0.027905,0.027549,0.028257,0.029902,0.029716,0.029409,0.029749,0.030768,0.031834,0.030725,0.027595,0.024968,0.023766,0.022599,0.019458,0.01538,0.012354,0.009159,0.007886,0.008183,0.008183,0.008533,0.008822,0.009329,0.009132,0.007468,0.00667,0.005478,0.004244,0.003373,0.003149,0.003347,0.003408,0.003284,0.0032,0.003126,0.002841,0.002319,0.001804,0.001285,0.000845,0.000423,0.000106
m20260422021942,3 quater,0.048712,0.070523,0.112718,0.113745,0.099973,0.085491,0.100169,0.119963,0.118717,0.106022,0.090885,0.086852,0.083389,0.07891,0.073965,0.071229,0.071824,0.069539,0.059176,0.049486,0.051417,0.049062,0.046171,0.033434,0.025356,0.029057,0.044039,0.053009,0.0416,0.029435,0.02898,0.033494,0.040871,0.03892,0.033139,0.040457,0.042395,0.044601,0.049697,0.051622,0.045525,0.041499,0.041682,0.045488,0.046895,0.049565,0.055661,0.05712,0.061239,0.064208,0.061786,0.059011,0.051734,0.044681,0.03901,0.036493,0.031039,0.032946,0.035727,0.040536,0.038393,0.035378,0.036248,0.030147,0.024544,0.028277,0.031535,0.03735,0.046259,0.046954,0.044487,0.05015,0.051947,0.047519,0.044288,0.04701,0.049325,0.04829,0.047861,0.047602,0.047806,0.04934,0.049882,0.048004,0.048149,0.047318,0.044669,0.04265,0.039151,0.037962,0.036597,0.033572,0.029516,0.027146,0.026537,0.027893,0.030146,0.034179,0.03886,0.039018,0.037937,0.03601,0.033224,0.029959,0.026331,0.023838,0.0227,0.020641,0.019028,0.019022,0.018615,0.017889,0.020429,0.023129,0.023105,0.024079,0.023727,0.021399,0.020894,0.020756,0.019744,0.019235,0.02005,0.021232,0.022266,0.024033,0.024183,0.023176,0.022937,0.022462,0.020885,0.017636,0.01415,0.011504,0.009355,0.008511,0.008555,0.007775,0.007174,0.00681,0.005723,0.004559,0.0038,0.002844,0.002348,0.002125,0.002188,0.002468,0.002461,0.002686,0.002911,0.002972,0.002627,0.002155,0.001856,0.001615,0.0013,0.00095,0.000543,0.000178
m20260422022151,3 qua,0.06726,0.05849,0.074473,0.081288,0.079383,0.062363,0.068318,0.085773,0.086887,0.076373,0.068517,0.064363,0.061538,0.062912,0.058423,0.041497,0.037187,0.041717,0.046058,0.041712,0.038968,0.039036,0.037218,0.034728,0.028273,0.019309,0.022049,0.021974,0.022748,0.027469,0.028679,0.023962,0.02387,0.029905,0.033948,0.046133,0.055078,0.052312,0.04953,0.052258,0.04533,0.040561,0.044858,0.052511,0.053204,0.04452,0.038571,0.033276,0.034709,0.040073,0.037221,0.030279,0.027555,0.025397,0.021722,0.019545,0.019455,0.02328,0.025927,0.027198,0.026879,0.030609,0.031692,0.033531,0.037662,0.031212,0.03318,0.032093,0.028451,0.02213,0.018744,0.019523,0.024934,0.030693,0.033383,0.03567,0.039007,0.040384,0.041919,0.043692,0.041258,0.037519,0.038427,0.040324,0.039076,0.038043,0.037524,0.03667,0.037457,0.037404,0.035122,0.03291,0.032947,0.032979,0.032984,0.032667,0.031346,0.03022,0.027866,0.022974,0.019748,0.019386,0.01727,0.016267,0.015542,0.015351,0.014138,0.012685,0.011653,0.011526,0.013062,0.016248,0.018393,0.023588,0.027755,0.027148,0.02268,0.020429,0.020101,0.020619,0.021256,0.022584,0.023926,0.02469,0.025777,0.026597,0.026823,0.026332,0.025302,0.023198,0.020652,0.01703,0.012363,0.008886,0.009363,0.009828,0.009542,0.009519,0.00948,0.008819,0.007412,0.006031,0.004837,0.004014,0.003304,0.002699,0.002276,0.002191,0.002397,0.002515,0.002538,0.002546,0.002402,0.002137,0.001872,0.001585,0.001186,0.000838,0.000484,0.000133
m20260422023155,3 quater foan,0.085896,0.105755,0.125785,0.1416,0.137897,0.113783,0.10736,0.118479,0.12877,0.119219,0.104586,0.089448,0.084869,0.097808,0.093987,0.085308,0.081071,0.078975,0.077914,0.071068,0.066338,0.057984,0.052555,0.049773,0.051001,0.04042,0.039111,0.045723,0.046613,0.040154,0.028858,0.033467,0.038099,0.042874,0.046185,0.042858,0.035931,0.040532,0.045906,0.050969,0.050567,0.045276,0.045198,0.042748,0.040896,0.045588,0.053168,0.062639,0.071261,0.078401,0.07658,0.064594,0.065817,0.06857,0.061885,0.0595,0.052444,0.044134,0.039864,0.040701,0.042662,0.045116,0.045312,0.041883,0.043598,0.040313,0.037455,0.044009,0.045588,0.046316,0.044389,0.043706,0.050187,0.050446,0.046516,0.045264,0.045163,0.046244,0.046785,0.048603,0.048175,0.046071,0.043277,0.041123,0.039427,0.040484,0.043591,0.042854,0.041309,0.040295,0.041172,0.042192,0.042885,0.045216,0.047246,0.047484,0.049772,0.049319,0.046788,0.045029,0.042829,0.040685,0.038046,0.034229,0.029944,0.026726,0.024245,0.019582,0.016775,0.017076,0.016467,0.014283,0.023028,0.026763,0.026057,0.03413,0.033653,0.030728,0.031456,0.031687,0.032275,0.032757,0.034152,0.037399,0.040357,0.043325,0.046993,0.048107,0.045712,0.04074,0.036387,0.032438,0.025628,0.017226,0.012766,0.010645,0.01195,0.014767,0.015358,0.014538,0.012776,0.010246,0.007948,0.006699,0.005639,0.004528,0.003655,0.003106,0.002558,0.002977,0.002853,0.002546,0.002307,0.001899,0.001339,0.00099,0.000722,0.000554,0.000336,8.1e-05
m20260422023342,3 quater,0.098639,0.083146,0.046638,0.071399,0.089666,0.058346,0.041628,0.052493,0.068502,0.070193,0.069229,0.04829,0.034941,0.036223,0.035892,0.035472,0.042422,0.047812,0.046693,0.057589,0.064614,0.063254,0.054891,0.058076,0.053282,0.037748,0.030761,0.037334,0.044128,0.036968,0.033721,0.042586,0.047311,0.049287,0.049615,0.046519,0.051077,0.054496,0.052168,0.043516,0.045117,0.039539,0.028869,0.028338,0.037171,0.038511,0.048146,0.05631,0.066534,0.075687,0.076206,0.073229,0.069139,0.058929,0.054723,0.054932,0.05094,0.055607,0.060391,0.065713,0.068537,0.062206,0.05525,0.049369,0.050092,0.052907,0.055507,0.056347,0.056103,0.059244,0.063823,0.064611,0.062375,0.061614,0.059975,0.059005,0.060721,0.061961,0.061102,0.061785,0.062164,0.061306,0.059638,0.058523,0.057679,0.053866,0.052798,0.054579,0.05365,0.053034,0.051193,0.048292,0.045869,0.046862,0.04822,0.049282,0.04963,0.051703,0.053074,0.050589,0.048753,0.04527,0.039598,0.036536,0.033197,0.030492,0.028158,0.025224,0.022275,0.02151,0.024481,0.030213,0.03343,0.036513,0.044703,0.045731,0.039408,0.036234,0.035059,0.033491,0.033004,0.033986,0.035979,0.038124,0.041159,0.04531,0.048992,0.049761,0.046694,0.042575,0.040032,0.037093,0.031123,0.023526,0.016215,0.010533,0.009221,0.011768,0.013505,0.013943,0.012499,0.009901,0.008047,0.006729,0.00528,0.004359,0.003806,0.003592,0.003857,0.004233,0.004416,0.004233,0.003661,0.002906,0.002097,0.001377,0.000899,0.000625,0.000301,0.000132
m20260422023735,3 quater,0.084124,0.113325,0.124947,0.142614,0.150626,0.1278,0.111161,0.118782,0.132565,0.123635,0.106364,0.076614,0.071017,0.072561,0.061231,0.057521,0.056022,0.060845,0.057827,0.052637,0.048357,0.043033,0.041853,0.047189,0.044899,0.040236,0.039774,0.036173,0.038656,0.042342,0.048109,0.057369,0.057599,0.061148,0.063862,0.061653,0.064034,0.063136,0.065289,0.068101,0.060619,0.052864,0.046788,0.039066,0.044679,0.050955,0.057983,0.074163,0.08159,0.080681,0.076539,0.069479,0.061033,0.049764,0.046751,0.043326,0.039928,0.045678,0.055083,0.057777,0.057973,0.04783,0.041567,0.043378,0.045002,0.047197,0.047373,0.04294,0.040876,0.045467,0.049326,0.049202,0.049443,0.049793,0.04984,0.049318,0.050521,0.047112,0.041509,0.045403,0.045261,0.041246,0.043654,0.048564,0.049791,0.045488,0.044238,0.048169,0.050982,0.053374,0.054243,0.053253,0.05063,0.047095,0.043167,0.040245,0.038825,0.045807,0.051162,0.051748,0.053769,0.050553,0.04463,0.042569,0.038763,0.035355,0.034411,0.031154,0.027239,0.025053,0.024304,0.026009,0.03241,0.038624,0.039014,0.044222,0.045642,0.042114,0.040281,0.039016,0.038182,0.037389,0.036411,0.037248,0.038835,0.039986,0.039526,0.035496,0.030874,0.029559,0.028149,0.025266,0.021822,0.018049,0.014114,0.009736,0.008365,0.010182,0.0107,0.011292,0.011349,0.00923,0.006811,0.005394,0.004163,0.00324,0.003198,0.003477,0.003619,0.004096,0.004503,0.004484,0.00435,0.003889,0.003207,0.002725,0.002236,0.001519,0.000802,0.000274
m20260422024111,1 quater,0.11645,0.113388,0.098823,0.107243,0.129578,0.130249,0.095205,0.131496,0.134398,0.121754,0.100666,0.102874,0.100666,0.084574,0.068266,0.049161,0.046386,0.057086,0.072442,0.058384,0.161186,0.149388,0.057439,0.05915,0.066547,0.077154,0.102236,0.126155,0.15561,0.179808,0.186013,0.178971,0.151515,0.134,0.097785,0.056586,0.051751,0.060314,0.059477,0.063062,0.07255,0.060338,0.061713,0.062881,0.065337,0.06627,0.062454,0.063727,0.058222,0.04335,0.033225,0.026771,0.029869,0.033142,0.04007,0.051219,0.057227,0.059174,0.060203,0.06334,0.067417,0.074491,0.081971,0.092148,0.102717,0.109837,0.124867,0.141636,0.122329,0.099295,0.084325,0.068302,0.057797,0.055056,0.044935,0.038788,0.041046,0.041914,0.030226,0.022881,0.024244,0.034457,0.048484,0.065858,0.064349,0.060534,0.057411,0.051826,0.046465,0.04651,0.049128,0.051821,0.056951,0.062301,0.064897,0.069845,0.073477,0.066673,0.058044,0.053167,0.041362,0.028558,0.021283,0.01447,0.014008,0.01702,0.01884,0.021482,0.026367,0.030806,0.035017,0.034722,0.031912,0.031126,0.029503,0.025746,0.023653,0.021088,0.019015,0.017892,0.014417,0.011483,0.010325,0.009684,0.009058,0.008813,0.010264,0.012417,0.013146,0.013306,0.013401,0.012633,0.011859,0.012156,0.011819,0.011282,0.011009,0.010447,0.010354,0.010415,0.011227,0.011716,0.01076,0.00985,0.00953,0.009375,0.009085,0.008939,0.008671,0.008471,0.008654,0.007956,0.007013,0.00611,0.004717,0.003342,0.002485,0.001626,0.000715,0.000318
m20260422024156,1 quater,0.139952,0.118429,0.124704,0.126059,0.153136,0.157502,0.08246,0.151433,0.143851,0.134741,0.088086,0.092941,0.09597,0.088931,0.072661,0.058125,0.062815,0.060321,0.069899,0.168467,0.159574,0.092644,0.102988,0.082081,0.087952,0.105701,0.130011,0.158193,0.181011,0.208233,0.215858,0.191159,0.127077,0.068021,0.030422,0.030288,0.040063,0.035935,0.035821,0.060864,0.075469,0.077748,0.061521,0.041198,0.03102,0.02343,0.021018,0.030712,0.05166,0.067698,0.07308,0.058457,0.04437,0.037392,0.031953,0.032059,0.039276,0.042659,0.043143,0.053597,0.06234,0.079188,0.102329,0.125474,0.145716,0.167327,0.188065,0.197047,0.169319,0.126776,0.095944,0.071648,0.044569,0.036231,0.03616,0.032939,0.04042,0.043896,0.035205,0.031297,0.033647,0.042861,0.062894,0.065935,0.061005,0.062106,0.057537,0.047802,0.041914,0.039412,0.037286,0.03879,0.043777,0.05341,0.062406,0.065364,0.065977,0.061359,0.054299,0.04995,0.045303,0.039227,0.036406,0.037984,0.037091,0.0342,0.028366,0.022135,0.018888,0.02079,0.021972,0.02009,0.018917,0.019261,0.018768,0.016552,0.014264,0.013026,0.013571,0.014101,0.013587,0.012649,0.010472,0.010367,0.011498,0.01061,0.010909,0.011274,0.011081,0.010879,0.010886,0.010724,0.011512,0.0131,0.015169,0.017622,0.018509,0.017944,0.018003,0.016519,0.014158,0.012679,0.01081,0.008679,0.007885,0.007937,0.008516,0.008762,0.007761,0.006503,0.005786,0.004662,0.003458,0.002631,0.00221,0.001812,0.001283,0.000798,0.000426,0.000116
m20260422024346,1 quater,0.143698,0.139042,0.116424,0.146126,0.199576,0.172667,0.074885,0.127331,0.13535,0.131651,0.11165,0.098286,0.100834,0.091634,0.077054,0.052516,0.044083,0.050473,0.087234,0.124334,0.149454,0.115514,0.084988,0.057303,0.070443,0.090928,0.109292,0.135161,0.159516,0.195122,0.209763,0.186832,0.1589,0.123507,0.06894,0.044022,0.050055,0.050565,0.046354,0.055727,0.060962,0.082127,0.087659,0.078708,0.075774,0.067883,0.045945,0.036609,0.0406,0.050308,0.054353,0.060375,0.05762,0.046885,0.039282,0.035314,0.035724,0.045896,0.050542,0.053144,0.05407,0.059665,0.074563,0.088681,0.1088,0.145963,0.168923,0.173946,0.166551,0.131747,0.107741,0.093528,0.066931,0.053532,0.052628,0.048152,0.041817,0.038731,0.043926,0.056647,0.057407,0.056872,0.082328,0.071989,0.051209,0.053203,0.047666,0.039111,0.035752,0.037045,0.035759,0.035923,0.04338,0.053764,0.059619,0.067447,0.07148,0.066289,0.062034,0.054986,0.046034,0.04186,0.037664,0.03245,0.033349,0.032769,0.028592,0.025412,0.024767,0.02661,0.026958,0.027433,0.026313,0.02303,0.021289,0.019565,0.016616,0.01535,0.014638,0.015432,0.016681,0.016745,0.014861,0.013533,0.011633,0.011587,0.011757,0.011825,0.011538,0.010962,0.010588,0.010855,0.012204,0.013209,0.013972,0.015025,0.014454,0.012394,0.012865,0.013377,0.013499,0.013256,0.012217,0.010654,0.010338,0.010587,0.010618,0.010687,0.010296,0.009544,0.008749,0.007465,0.005664,0.004206,0.003228,0.002322,0.001553,0.000986,0.000519,0.000174
m20260422024424,1 quarter,0.130195,0.107874,0.088218,0.113639,0.156647,0.126926,0.06495,0.129586,0.136766,0.122302,0.098682,0.100852,0.106738,0.090682,0.063563,0.038079,0.048361,0.070961,0.08452,0.094707,0.129732,0.127144,0.084596,0.072992,0.086483,0.098151,0.105815,0.119137,0.159157,0.202734,0.207939,0.19037,0.172648,0.117038,0.043821,0.042032,0.045795,0.041674,0.032222,0.029732,0.047034,0.066973,0.074431,0.074824,0.067191,0.060799,0.05619,0.045381,0.035176,0.044477,0.054843,0.053204,0.043111,0.035526,0.030465,0.02741,0.026381,0.025331,0.035957,0.043443,0.0377,0.027962,0.036811,0.057749,0.082639,0.105899,0.140809,0.179368,0.17639,0.144466,0.121458,0.103863,0.087929,0.069247,0.052435,0.046719,0.038288,0.029848,0.028674,0.041996,0.056571,0.044817,0.037061,0.04776,0.041377,0.036227,0.038911,0.035347,0.03099,0.028422,0.025007,0.023605,0.024326,0.032977,0.042023,0.047546,0.056207,0.060476,0.057848,0.057315,0.05317,0.046535,0.042103,0.040665,0.04095,0.041611,0.038629,0.032843,0.031366,0.033052,0.036193,0.037656,0.035595,0.03257,0.03038,0.026471,0.022602,0.019488,0.016315,0.012926,0.012184,0.015281,0.017827,0.017805,0.017154,0.017039,0.017589,0.017178,0.01596,0.015187,0.014454,0.013846,0.01357,0.014497,0.015513,0.015328,0.014606,0.013962,0.012734,0.012277,0.013578,0.013346,0.012444,0.012827,0.012914,0.01306,0.013772,0.014104,0.013127,0.012307,0.011839,0.010735,0.009096,0.007595,0.006175,0.004563,0.003185,0.002198,0.001369,0.000885
m20260422024525,1 quarter,0.131757,0.100769,0.131297,0.122409,0.150467,0.149184,0.066018,0.163312,0.153702,0.133531,0.092734,0.094384,0.10062,0.091152,0.07247,0.052962,0.049963,0.048245,0.065059,0.130425,0.162857,0.125812,0.055079,0.060359,0.069088,0.083423,0.094429,0.126692,0.164234,0.188632,0.172995,0.186589,0.195631,0.117439,0.040019,0.051356,0.059062,0.057764,0.060225,0.059651,0.054107,0.044528,0.046315,0.038512,0.031667,0.026522,0.033847,0.051714,0.061708,0.064422,0.063676,0.057423,0.047258,0.039813,0.034855,0.042369,0.04605,0.052188,0.064543,0.049723,0.046906,0.072293,0.081973,0.104871,0.12802,0.136793,0.168914,0.200748,0.175819,0.141416,0.120724,0.10254,0.083912,0.071336,0.061432,0.056238,0.050756,0.036532,0.032013,0.029044,0.039042,0.060545,0.06117,0.055194,0.054349,0.0485,0.0425,0.039686,0.034548,0.032264,0.031544,0.032156,0.036986,0.043205,0.05186,0.055942,0.055671,0.055473,0.055372,0.052562,0.046871,0.041327,0.034224,0.031734,0.029926,0.027392,0.025018,0.025285,0.026969,0.027361,0.028349,0.02943,0.029111,0.026289,0.024197,0.021155,0.017258,0.01424,0.01448,0.01334,0.012134,0.010673,0.008785,0.007351,0.006869,0.007466,0.00736,0.007136,0.007722,0.008098,0.008231,0.009369,0.011065,0.011267,0.012406,0.014033,0.014655,0.013891,0.013387,0.011648,0.009492,0.008638,0.007465,0.006645,0.005381,0.005282,0.005415,0.006186,0.007046,0.006997,0.006333,0.005941,0.00553,0.004759,0.003632,0.002834,0.00218,0.001481,0.000828,0.00036
m20260422024637,1 quarter,0.149744,0.120004,0.114513,0.092432,0.134044,0.138289,0.049915,0.13503,0.129812,0.11284,0.077367,0.083399,0.081309,0.079451,0.060217,0.051587,0.064975,0.063203,0.060407,0.151652,0.188302,0.134886,0.093534,0.069318,0.07054,0.081234,0.095666,0.122365,0.142339,0.170679,0.160031,0.139336,0.14028,0.118003,0.054118,0.048117,0.058784,0.056165,0.051515,0.051397,0.040634,0.05882,0.063948,0.063432,0.062307,0.060822,0.070201,0.059278,0.055777,0.058026,0.051644,0.040864,0.038884,0.037599,0.035847,0.028984,0.033751,0.053555,0.068913,0.071257,0.070399,0.062795,0.054237,0.050006,0.066625,0.092582,0.115645,0.122711,0.120957,0.106278,0.097057,0.096212,0.082285,0.067394,0.066631,0.06841,0.054519,0.038245,0.034972,0.034124,0.047039,0.057576,0.054514,0.054745,0.044485,0.034366,0.029996,0.028291,0.023371,0.020364,0.01954,0.021952,0.025519,0.024274,0.027877,0.029418,0.02963,0.030885,0.034988,0.039268,0.041044,0.038173,0.036528,0.035407,0.031944,0.028545,0.022067,0.020242,0.021934,0.025624,0.02871,0.029306,0.029308,0.027278,0.024578,0.021794,0.018058,0.015634,0.012804,0.010187,0.010216,0.011149,0.011897,0.011251,0.010825,0.010655,0.010789,0.010936,0.011218,0.011952,0.012712,0.013333,0.013379,0.012773,0.012777,0.012716,0.012596,0.012273,0.012963,0.011877,0.010121,0.009562,0.008865,0.00828,0.008679,0.008764,0.008395,0.008124,0.007477,0.006586,0.005829,0.005023,0.004081,0.003202,0.002499,0.001815,0.001225,0.000764,0.000442,0.000183
m20260422041949,no plate,0.21885,0.235602,0.173804,0.147841,0.103412,0.127839,0.167786,0.181347,0.150092,0.136652,0.131694,0.122099,0.086823,0.081167,0.090713,0.098762,0.071027,0.091402,0.124116,0.136062,0.111276,0.085491,0.057346,0.042753,0.048851,0.070472,0.110586,0.046057,0.054623,0.067429,0.090477,0.083669,0.074622,0.073715,0.045231,0.042294,0.055219,0.054569,0.051765,0.05154,0.044046,0.048925,0.072226,0.086386,0.087661,0.071402,0.054229,0.050237,0.051317,0.069576,0.05753,0.034556,0.030214,0.036858,0.033918,0.040923,0.04018,0.030466,0.039551,0.043448,0.062724,0.077336,0.099801,0.115637,0.121229,0.119125,0.111018,0.119524,0.10885,0.078265,0.074462,0.082044,0.075907,0.071431,0.066268,0.052611,0.050271,0.051449,0.041296,0.038527,0.041531,0.033795,0.035178,0.029331,0.040287,0.0384,0.03449,0.03926,0.047396,0.039853,0.027301,0.031477,0.027269,0.020193,0.021593,0.018699,0.01869,0.0204,0.022265,0.024668,0.026119,0.023777,0.021502,0.026424,0.029498,0.031707,0.031673,0.042604,0.058647,0.06939,0.054463,0.034914,0.021945,0.01864,0.019676,0.019426,0.016067,0.013527,0.007768,0.007776,0.009693,0.012514,0.011404,0.010291,0.010459,0.012707,0.010467,0.009585,0.006253,0.009319,0.007825,0.009292,0.01065,0.011004,0.009478,0.00788,0.012438,0.01156,0.011092,0.01253,0.010967,0.008971,0.005949,0.004755,0.00625,0.010081,0.014061,0.014552,0.009796,0.005184,0.004323,0.003443,0.0034,0.002669,0.002618,0.001685,0.001205,0.000739,0.00036,0.000307
m20260422042107,no plate,0.252743,0.197544,0.194454,0.147562,0.139199,0.195266,0.158955,0.176896,0.197152,0.172491,0.193417,0.117066,0.140287,0.135575,0.122732,0.096076,0.144868,0.121522,0.124109,0.112736,0.11287,0.071151,0.053147,0.063857,0.095005,0.134313,0.122616,0.103883,0.076967,0.061383,0.077482,0.087513,0.07844,0.087383,0.080022,0.070848,0.068747,0.083581,0.089663,0.091682,0.084799,0.05664,0.067384,0.067269,0.0699,0.059161,0.069204,0.061029,0.063487,0.065614,0.059334,0.049112,0.040951,0.038734,0.038892,0.046603,0.054835,0.049927,0.043199,0.045621,0.069814,0.099411,0.130782,0.132306,0.106644,0.136498,0.139137,0.101743,0.075907,0.070935,0.082068,0.065987,0.070086,0.060028,0.058681,0.057617,0.040098,0.039586,0.035729,0.035563,0.034751,0.038639,0.041816,0.034299,0.035513,0.035705,0.030787,0.032491,0.027202,0.028233,0.030291,0.035636,0.039441,0.041403,0.039827,0.042787,0.042877,0.035613,0.037343,0.038258,0.04133,0.036883,0.029423,0.031311,0.033826,0.037518,0.030981,0.022465,0.059373,0.081209,0.059196,0.02941,0.020191,0.012893,0.022217,0.021718,0.016516,0.018045,0.018183,0.022295,0.016941,0.013273,0.014871,0.013396,0.013783,0.01164,0.009641,0.007418,0.010177,0.009237,0.009885,0.015384,0.016303,0.013916,0.012501,0.013272,0.01714,0.015091,0.00935,0.012162,0.012314,0.010362,0.006619,0.007009,0.011916,0.010959,0.008843,0.010607,0.007837,0.004088,0.004066,0.003423,0.003275,0.003286,0.002761,0.001862,0.001365,0.00092,0.000553,0.000306
m20260422042242,no plate,0.11,0.142472,0.175175,0.123046,0.152336,0.175081,0.13293,0.095224,0.293098,0.320696,0.280756,0.285105,0.188409,0.189797,0.12002,0.083475,0.100519,0.200729,0.204239,0.166812,0.140707,0.103535,0.111134,0.110715,0.12842,0.143991,0.159635,0.10278,0.126333,0.128065,0.114254,0.127475,0.130225,0.124195,0.105209,0.093558,0.089654,0.101331,0.131096,0.144381,0.13175,0.090662,0.07287,0.083625,0.079777,0.073886,0.080337,0.092227,0.110931,0.111715,0.100973,0.078683,0.052878,0.065753,0.070656,0.072065,0.067467,0.072689,0.080317,0.090152,0.113539,0.160368,0.177539,0.158124,0.16861,0.187118,0.148382,0.10018,0.095587,0.106703,0.119131,0.113332,0.088318,0.077265,0.073939,0.073745,0.057702,0.04633,0.052384,0.048981,0.053152,0.043339,0.047816,0.055802,0.073013,0.066887,0.059581,0.065637,0.068227,0.066791,0.069652,0.068713,0.057751,0.059282,0.067472,0.066301,0.06057,0.062061,0.060643,0.062969,0.063582,0.058032,0.052476,0.050026,0.061403,0.071315,0.076663,0.078999,0.092204,0.096743,0.081654,0.058505,0.046032,0.039818,0.032876,0.027941,0.023506,0.021398,0.020647,0.019256,0.018038,0.016795,0.01581,0.014816,0.016434,0.018541,0.019058,0.018099,0.016535,0.015239,0.015092,0.018045,0.018902,0.018219,0.011356,0.017052,0.027494,0.026866,0.029415,0.034168,0.032749,0.024482,0.018282,0.016187,0.015443,0.015987,0.021013,0.022879,0.017332,0.012561,0.009987,0.006082,0.005005,0.004807,0.00379,0.003249,0.002447,0.00146,0.000665,0.000389
m20260422042735,4 quarter,0.117954,0.071554,0.091454,0.090543,0.097818,0.079366,0.065925,0.068527,0.098903,0.112321,0.104742,0.105093,0.106822,0.097563,0.088455,0.081605,0.073098,0.066788,0.064013,0.066075,0.075507,0.076474,0.074149,0.071212,0.069882,0.05953,0.062443,0.103045,0.144554,0.153579,0.182964,0.217886,0.16879,0.06238,0.055312,0.073639,0.084946,0.082445,0.068809,0.061611,0.055153,0.053871,0.059911,0.064578,0.069771,0.075074,0.082411,0.078364,0.07408,0.073969,0.072476,0.078869,0.10327,0.143029,0.195506,0.227236,0.207065,0.165633,0.134623,0.119548,0.106969,0.093196,0.074589,0.084243,0.100775,0.111438,0.144702,0.13294,0.098396,0.091084,0.094668,0.085432,0.078851,0.072116,0.057914,0.046916,0.045461,0.044933,0.047672,0.049942,0.052851,0.048871,0.045154,0.044708,0.050613,0.05761,0.062543,0.066305,0.063403,0.05508,0.046176,0.039583,0.039181,0.0437,0.04594,0.04772,0.050351,0.048658,0.047242,0.05024,0.054018,0.055522,0.055798,0.059119,0.065794,0.071001,0.074995,0.077272,0.077612,0.077992,0.07737,0.076708,0.076717,0.072282,0.064343,0.057942,0.050002,0.037316,0.026662,0.023593,0.023934,0.023765,0.021742,0.020261,0.018946,0.016943,0.013194,0.012617,0.013398,0.013012,0.010024,0.008647,0.009249,0.006965,0.005173,0.005584,0.007013,0.008677,0.009057,0.010091,0.011359,0.011497,0.01046,0.010766,0.013432,0.013409,0.012655,0.011171,0.010754,0.011222,0.010949,0.010519,0.009369,0.007459,0.005665,0.004284,0.003445,0.002536,0.001437,0.000675
m20260422042928,4 quarter,0.109316,0.052952,0.108391,0.10758,0.099918,0.098669,0.084883,0.065361,0.066149,0.08101,0.088627,0.086073,0.08439,0.083538,0.080959,0.076637,0.075812,0.076544,0.072912,0.080092,0.085007,0.077951,0.069685,0.073632,0.072702,0.062919,0.060972,0.08892,0.130433,0.126548,0.116983,0.138428,0.134432,0.084762,0.086413,0.087241,0.064841,0.058417,0.059982,0.060592,0.066911,0.070435,0.069963,0.071478,0.070266,0.06683,0.065356,0.066209,0.067889,0.07089,0.077389,0.085096,0.117775,0.164785,0.200725,0.222689,0.201099,0.152489,0.122824,0.109781,0.100117,0.096897,0.088282,0.082467,0.091724,0.107618,0.126469,0.11886,0.088038,0.066043,0.060631,0.055221,0.044174,0.045349,0.046386,0.046609,0.047147,0.044761,0.036975,0.02928,0.026647,0.026479,0.030788,0.036807,0.045029,0.05129,0.049044,0.042599,0.038844,0.039781,0.040065,0.03879,0.034321,0.036502,0.038371,0.038959,0.038537,0.036932,0.035676,0.036056,0.03619,0.034702,0.034811,0.036937,0.040978,0.04887,0.056112,0.058683,0.061539,0.061243,0.055884,0.057679,0.059852,0.053271,0.047736,0.045418,0.0403,0.030505,0.024076,0.024148,0.02432,0.025612,0.026851,0.026943,0.024361,0.02222,0.020798,0.018165,0.016709,0.015637,0.015687,0.016607,0.016198,0.014374,0.012151,0.010909,0.008469,0.008217,0.009765,0.012391,0.012563,0.011439,0.010235,0.009826,0.009853,0.010772,0.009326,0.009255,0.009285,0.008175,0.007297,0.007261,0.006297,0.00515,0.003923,0.00302,0.002551,0.001928,0.001064,0.000465
m20260422043029,4 quarter,0.115319,0.055954,0.117615,0.115928,0.11943,0.113897,0.095003,0.068459,0.045701,0.060944,0.071971,0.072758,0.072247,0.070756,0.060992,0.056081,0.057569,0.061446,0.061535,0.067553,0.069653,0.069678,0.062758,0.064056,0.073328,0.074838,0.075907,0.075357,0.0875,0.103573,0.12964,0.167842,0.165439,0.106804,0.050765,0.04395,0.051487,0.064991,0.051049,0.049093,0.052155,0.047997,0.049459,0.057143,0.065183,0.06886,0.068606,0.073112,0.076871,0.083714,0.094967,0.117764,0.148233,0.188742,0.24027,0.245814,0.187108,0.123275,0.091584,0.080536,0.073448,0.071532,0.08506,0.116719,0.12091,0.114926,0.130661,0.119523,0.099894,0.093334,0.082739,0.05924,0.052958,0.049875,0.041523,0.034005,0.041557,0.052292,0.059032,0.06116,0.064305,0.060916,0.055078,0.048753,0.047874,0.050868,0.055747,0.056316,0.052809,0.04271,0.032087,0.025101,0.022987,0.025622,0.029879,0.030278,0.029124,0.028348,0.024095,0.024891,0.027559,0.030341,0.029342,0.03131,0.037952,0.04208,0.045944,0.050768,0.052906,0.049731,0.045736,0.045076,0.045648,0.041952,0.036254,0.033232,0.028108,0.023764,0.020182,0.017598,0.017947,0.02087,0.022599,0.022701,0.020517,0.019347,0.017479,0.015934,0.017629,0.019599,0.020719,0.01863,0.01561,0.013788,0.011439,0.009068,0.009311,0.009734,0.01066,0.012113,0.01132,0.009218,0.007709,0.00751,0.007883,0.009068,0.008667,0.007255,0.006338,0.005885,0.005212,0.004638,0.004424,0.003992,0.002529,0.001215,0.001229,0.001119,0.000853,0.000549
m20260422043108,4 quarter,0.135737,0.074028,0.123795,0.116447,0.113622,0.100759,0.087993,0.062431,0.064238,0.076311,0.080006,0.076893,0.07782,0.06685,0.067127,0.064779,0.061376,0.063481,0.062044,0.064074,0.067232,0.069845,0.068876,0.06475,0.05873,0.058258,0.05473,0.064068,0.077772,0.099811,0.116426,0.14267,0.144467,0.095864,0.040319,0.04248,0.057689,0.055272,0.050846,0.050007,0.05121,0.049937,0.054656,0.060424,0.066631,0.076082,0.082451,0.080877,0.081854,0.086394,0.09149,0.09904,0.108867,0.146493,0.196278,0.220623,0.209494,0.172021,0.13254,0.11202,0.101289,0.087735,0.073627,0.077035,0.103452,0.117303,0.099678,0.07857,0.076101,0.062365,0.053812,0.05997,0.066252,0.062622,0.057493,0.056483,0.055346,0.04629,0.040588,0.039562,0.040548,0.043581,0.043466,0.039858,0.040286,0.042296,0.041922,0.038651,0.035268,0.034709,0.034926,0.031697,0.025748,0.027882,0.032836,0.034265,0.037031,0.040209,0.041183,0.039063,0.03876,0.035216,0.031155,0.031736,0.029854,0.032352,0.036832,0.039752,0.043927,0.045354,0.048752,0.053067,0.05848,0.058915,0.053859,0.048922,0.04285,0.034602,0.026744,0.021963,0.022972,0.023864,0.021604,0.018488,0.015679,0.013709,0.01112,0.009336,0.009387,0.010694,0.011264,0.009138,0.008242,0.007259,0.005983,0.004789,0.005239,0.007448,0.007606,0.005471,0.004173,0.004438,0.005408,0.006778,0.011505,0.013101,0.009491,0.008942,0.009499,0.010314,0.009239,0.007409,0.005966,0.004664,0.003071,0.001834,0.001145,0.000739,0.000565,0.000499
m20260422043632,2 quarter,0.088804,0.082242,0.111008,0.114739,0.135623,0.101534,0.096412,0.099959,0.105127,0.115536,0.116744,0.111569,0.094851,0.084796,0.071186,0.067155,0.072239,0.0732,0.064337,0.063309,0.059747,0.05701,0.062961,0.06664,0.067476,0.07343,0.094233,0.09209,0.13354,0.14474,0.196198,0.271743,0.262857,0.227013,0.13926,0.089841,0.073038,0.059912,0.059986,0.056351,0.047334,0.039212,0.04197,0.045329,0.045176,0.048028,0.048845,0.045358,0.044609,0.046192,0.050743,0.056392,0.058803,0.061224,0.066956,0.072203,0.086673,0.109326,0.115921,0.104814,0.095097,0.082314,0.067692,0.051153,0.037359,0.032199,0.033362,0.032921,0.027365,0.031799,0.030787,0.0244,0.02763,0.030762,0.028352,0.029178,0.027502,0.028484,0.025912,0.019047,0.01806,0.018342,0.015624,0.01743,0.01798,0.020258,0.019924,0.016936,0.015995,0.018311,0.016571,0.009446,0.006868,0.008746,0.013402,0.017897,0.021859,0.023125,0.02543,0.025941,0.025979,0.02561,0.027579,0.030372,0.029293,0.027207,0.026458,0.027012,0.026652,0.028485,0.031302,0.027685,0.024255,0.027038,0.028519,0.028765,0.033549,0.044299,0.053048,0.055596,0.051922,0.045813,0.040109,0.033835,0.02769,0.023337,0.021632,0.018219,0.016893,0.017983,0.017155,0.016793,0.01643,0.016639,0.016501,0.016383,0.016853,0.01541,0.01334,0.011326,0.009557,0.009624,0.009303,0.008378,0.008297,0.008794,0.00929,0.009426,0.009436,0.009185,0.008457,0.00761,0.006956,0.006676,0.006559,0.006323,0.005727,0.005172,0.00476,0.004491
m20260422043703,2 quarter,0.125318,0.109437,0.062535,0.063637,0.109286,0.09612,0.057478,0.047175,0.048639,0.060167,0.072518,0.0707,0.074145,0.074167,0.068386,0.062513,0.056866,0.052937,0.046383,0.04746,0.054532,0.065025,0.063068,0.064899,0.075873,0.079777,0.084496,0.08095,0.106442,0.163971,0.17535,0.240864,0.314898,0.234072,0.081017,0.054838,0.047964,0.053225,0.063321,0.049496,0.033418,0.03117,0.030784,0.029723,0.034374,0.038478,0.039727,0.043288,0.044644,0.044621,0.046247,0.044235,0.045036,0.044081,0.042777,0.040878,0.043673,0.061749,0.082074,0.091796,0.099087,0.094789,0.088909,0.082025,0.073121,0.063769,0.058854,0.058238,0.056649,0.056218,0.053097,0.050075,0.054553,0.06107,0.064252,0.065489,0.065179,0.054579,0.045854,0.039308,0.034019,0.03257,0.036751,0.038995,0.036107,0.032597,0.0277,0.025959,0.024522,0.024532,0.028665,0.025304,0.021607,0.020361,0.019453,0.021234,0.023516,0.02079,0.015887,0.013941,0.011756,0.007872,0.009339,0.01101,0.01033,0.009481,0.007995,0.00659,0.008108,0.008502,0.012303,0.013285,0.013901,0.019079,0.028517,0.034469,0.039967,0.049403,0.055643,0.054094,0.049476,0.042818,0.036002,0.030822,0.025821,0.022209,0.018463,0.015767,0.014355,0.012475,0.01123,0.011589,0.011846,0.012061,0.011969,0.013223,0.015078,0.014772,0.012415,0.009548,0.007701,0.005186,0.004206,0.00555,0.006483,0.006281,0.00534,0.004209,0.004642,0.004727,0.004551,0.004371,0.004379,0.003962,0.003754,0.003614,0.002738,0.001799,0.001045,0.000545
m20260422043739,2 quarter,0.11163,0.09655,0.069032,0.055387,0.088699,0.072671,0.044707,0.043473,0.053407,0.065479,0.07275,0.063317,0.053555,0.04871,0.0378,0.027902,0.040938,0.046349,0.042545,0.045726,0.04852,0.051418,0.053056,0.056618,0.060143,0.064261,0.070442,0.076275,0.107254,0.144764,0.173375,0.234504,0.2521,0.19164,0.098826,0.068103,0.059482,0.066379,0.061004,0.050235,0.043393,0.04022,0.041341,0.038237,0.034294,0.033861,0.033751,0.037984,0.042024,0.041352,0.041743,0.039819,0.037239,0.036966,0.035793,0.03732,0.040995,0.053636,0.071989,0.085457,0.090202,0.082006,0.070557,0.064462,0.059988,0.054183,0.050442,0.049951,0.057752,0.058742,0.05114,0.050285,0.051333,0.051169,0.049174,0.046,0.043956,0.042806,0.037558,0.030582,0.027872,0.024174,0.023924,0.027494,0.026676,0.024707,0.024146,0.022707,0.022114,0.022523,0.020917,0.016785,0.017203,0.017152,0.016941,0.015551,0.018432,0.019829,0.018392,0.017024,0.018304,0.0173,0.016593,0.017019,0.013953,0.011304,0.011444,0.010975,0.011463,0.011946,0.013104,0.012858,0.013505,0.015706,0.023069,0.031482,0.036172,0.04527,0.056139,0.056486,0.052474,0.048716,0.041378,0.032622,0.026517,0.020937,0.01479,0.011989,0.012137,0.011714,0.01274,0.014564,0.01648,0.017222,0.016754,0.017556,0.019198,0.019722,0.018441,0.016471,0.014236,0.011633,0.010008,0.009322,0.007939,0.006578,0.005725,0.005095,0.004285,0.003775,0.003278,0.00305,0.002745,0.002324,0.002047,0.001842,0.001521,0.001094,0.000617,0.000256
m20260422043834,2 quarter,0.121565,0.101034,0.091762,0.089462,0.105091,0.075053,0.083082,0.084952,0.090716,0.099063,0.103728,0.103113,0.091549,0.082037,0.068929,0.059399,0.060177,0.047439,0.051267,0.059592,0.06499,0.06713,0.069147,0.065084,0.071034,0.096412,0.097577,0.064055,0.08565,0.127383,0.156722,0.201115,0.227687,0.220725,0.126727,0.098645,0.084995,0.073321,0.065946,0.054854,0.043935,0.038659,0.042363,0.047684,0.048923,0.047578,0.047618,0.053279,0.056247,0.054389,0.051927,0.047878,0.044125,0.040968,0.043173,0.046571,0.056778,0.086793,0.095851,0.097798,0.096635,0.079559,0.066674,0.06123,0.055196,0.051937,0.049482,0.047206,0.0433,0.042371,0.042669,0.048283,0.052795,0.058278,0.061185,0.059882,0.058286,0.056676,0.051679,0.045508,0.040638,0.037115,0.03665,0.034305,0.030836,0.026193,0.022057,0.023942,0.026041,0.021956,0.023121,0.023474,0.024941,0.023378,0.022792,0.021436,0.020606,0.019616,0.015352,0.011817,0.009333,0.008546,0.010603,0.010904,0.010688,0.011592,0.013521,0.016394,0.018729,0.02099,0.023051,0.022076,0.023747,0.028773,0.029003,0.032072,0.035577,0.043955,0.051011,0.051843,0.049469,0.044287,0.036023,0.027922,0.02066,0.013583,0.009701,0.009027,0.010303,0.012368,0.014397,0.015129,0.016376,0.01684,0.016091,0.016365,0.017532,0.018003,0.01661,0.013651,0.010181,0.007307,0.006439,0.00542,0.005732,0.006618,0.006478,0.006073,0.005721,0.005576,0.004946,0.004571,0.004108,0.003727,0.003477,0.002883,0.002139,0.001619,0.001032,0.00045
m20260422043903,2 quarter,0.132673,0.126536,0.051357,0.018737,0.072008,0.07386,0.017851,0.050051,0.059574,0.051819,0.043159,0.007677,0.016329,0.023258,0.031372,0.020134,0.008283,0.00926,0.022971,0.020696,0.015708,0.011928,0.009478,0.021523,0.025172,0.016068,0.091756,0.10348,0.064757,0.10967,0.128901,0.261207,0.318717,0.182369,0.030773,0.015762,0.053414,0.06459,0.054625,0.038839,0.029805,0.017858,0.017462,0.017417,0.014481,0.016233,0.014963,0.018368,0.026011,0.033915,0.036802,0.033501,0.04093,0.052834,0.050319,0.064664,0.083935,0.093819,0.106224,0.11503,0.107259,0.079323,0.041115,0.029317,0.035234,0.045162,0.043695,0.031244,0.029104,0.022855,0.011023,0.038133,0.040366,0.04132,0.060556,0.067384,0.062128,0.05722,0.05467,0.056918,0.056301,0.052763,0.049946,0.041555,0.032351,0.024884,0.019044,0.01797,0.031108,0.036688,0.029185,0.022288,0.022044,0.017822,0.011234,0.013581,0.016147,0.014874,0.019073,0.020308,0.017664,0.017139,0.016044,0.01455,0.013235,0.00904,0.00765,0.0088,0.008109,0.01267,0.018487,0.020968,0.026014,0.025543,0.016401,0.015868,0.010158,0.012514,0.028419,0.02869,0.036641,0.044157,0.038928,0.032613,0.028435,0.022839,0.018402,0.013319,0.01062,0.009841,0.010625,0.015078,0.019176,0.020203,0.019457,0.020536,0.020613,0.018125,0.016995,0.012159,0.005575,0.004744,0.002506,0.00156,0.002859,0.003951,0.005059,0.006028,0.005281,0.004553,0.004326,0.003526,0.003159,0.002705,0.001632,0.000879,0.000611,0.000419,0.000151,0.000413
m20260422044047,2 quarter,0.136236,0.109795,0.035406,0.035504,0.077398,0.061888,0.032288,0.032539,0.041121,0.037765,0.038142,0.031513,0.031414,0.038967,0.036071,0.030415,0.032555,0.038514,0.043265,0.035992,0.033409,0.02859,0.023753,0.022715,0.030398,0.041411,0.046189,0.080206,0.074938,0.112623,0.121622,0.226317,0.328116,0.240749,0.091374,0.064484,0.057122,0.058887,0.071027,0.064599,0.049524,0.037957,0.032341,0.03253,0.035603,0.030892,0.025489,0.025251,0.034054,0.038416,0.037482,0.042937,0.049,0.054619,0.061589,0.069774,0.072968,0.094523,0.108737,0.086864,0.074584,0.05881,0.04277,0.036363,0.029619,0.03691,0.044132,0.042147,0.031002,0.028883,0.032837,0.028191,0.027662,0.036866,0.042942,0.054177,0.058509,0.055492,0.055918,0.059092,0.056453,0.049671,0.044809,0.038857,0.034539,0.034321,0.038233,0.042616,0.044977,0.040648,0.033748,0.027386,0.022207,0.0208,0.022087,0.023551,0.027805,0.025862,0.022068,0.018929,0.016282,0.014641,0.012292,0.010489,0.009374,0.010422,0.012745,0.014567,0.016315,0.018778,0.019489,0.016405,0.012917,0.016733,0.022842,0.027597,0.029863,0.038734,0.045527,0.0481,0.046236,0.042534,0.036207,0.026991,0.020012,0.015301,0.011186,0.008421,0.007491,0.010315,0.012797,0.014045,0.014819,0.01657,0.017468,0.019038,0.021253,0.022494,0.020577,0.017139,0.015043,0.012795,0.009626,0.006987,0.005371,0.004078,0.003759,0.004574,0.00449,0.003525,0.002705,0.002535,0.002268,0.002193,0.002057,0.001676,0.001279,0.000781,0.000377,0.000316
